chunk_id,question
604727_0,What are the main steps involved in coffee production from the coffee cherry to brewing?
604727_0,"How does the flavor of coffee change with the addition of sugar, milk, or cream?"
604727_0,In which historical context did the earliest reports of coffee drinking emerge?
604727_0,What are the two most commonly grown types of coffee beans and where are they cultivated?
604727_0,What was the approximate global worth of the coffee industry in 2023 and which country was the leading producer?
604727_1,What historical significance does coffee have among the Sufis of Yemen during the 15th century?
604727_1,Which two coffee bean types are most commonly grown globally?
604727_1,In what year did the global coffee industry reach a value of US$495.50 billion?
604727_1,What negative environmental impacts are associated with coffee farming?
604727_1,How did the English word 'coffee' originate in terms of its linguistic journey?
604727_2,What is the origin of the word 'coffee' in the English language and its etymological journey?
604727_2,Can you explain the association between the word 'qahwah' and the meanings related to darkness and wine?
604727_2,What are some of the fictional stories surrounding the discovery of coffee according to historical accounts?
604727_2,"Who is Kaldi, and what role does he play in one of the legends about coffee's origins?"
604727_2,"When were the terms 'coffee pot' and 'coffee break' first introduced, and what years were they established?"
604727_3,What year is suggested as the origin of the coffee break?
604727_3,Who is said to have introduced the Islamic prophet Muhammad to coffee according to the legends?
604727_3,"What is the earliest account mentioning Kaldi, the goatherd, and what does it suggest?"
604727_3,Which two historical figures provided early references to coffee and its properties?
604727_3,What is the earliest confirmed evidence of coffee being consumed as a drink?
604727_4,What is the significance of Sheikh Omar in the history of coffee?
604727_4,When did references to coffee beans first appear in historical texts?
604727_4,What did al-Razi and Avicenna claim about the qualities of the coffee plant component called bunchum?
604727_4,"According to Abd al-Qadir al-Jaziri, where did the coffee bean originate from?"
604727_4,In which communities was coffee drinking well established by the late 15th century?
604727_5,What role did Sufi communities in Yemen play in the history of coffee drinking?
604727_5,Who was Abd al-Qadir al-Jaziri and what did he contribute to coffee literature?
604727_5,How did coffee spread from Ethiopia to Yemen according to historical accounts?
604727_5,What significant events took place regarding coffee in the 15th century?
604727_5,What are some regions in Yemen where coffee was first consumed?
604727_6,What regions in Yemen are mentioned as significant for early coffee consumption during the 15th century?
604727_6,"Which scholar wrote about the development of the coffee plant in the 16th century, and what area did he link it to?"
604727_6,"In what context did Sufi circles use coffee, and what was its purpose during their rituals?"
604727_6,Who is credited with introducing coffee to Aden from the Somali coast according to one account?
604727_6,"What year did the first coffeehouse open in the Ottoman Empire, and where was it located?"
604727_7,Who was the first to introduce coffee to Arabia according to the article?
604727_7,What year did the first coffeehouse open in the Ottoman Empire?
604727_7,How did Pope Clement VIII influence the acceptance of coffee in Europe?
604727_7,Which company was the first to import coffee on a large scale?
604727_7,When did coffee first reach France according to the text?
604727_8,What role did the Dutch East India Company play in the coffee trade during the colonial period?
604727_8,"When did the first European coffeehouse open outside of the Ottoman Empire, and where was it located?"
604727_8,How did the popularity of coffee in England relate to John Evelyn's diary entry in 1637?
604727_8,Which countries introduced coffee after the 1683 Battle of Vienna?
604727_8,What factors contributed to the rise in coffee demand during the Revolutionary War in North America?
604727_9,Why was coffee initially less successful in North America compared to alcoholic beverages during the Colonial period?
604727_9,What event during the Revolutionary War influenced the demand and pricing of coffee?
604727_9,How did the consumption of coffee change in Britain during the 18th century?
604727_9,What historical significance did Gabriel de Clieu have in the spread of coffee cultivation?
604727_9,What impact did the working conditions on coffee plantations have on the Haitian Revolution?
604727_10,What significant changes occurred in the coffee trade after the British took control of Aden in the 19th century?
604727_10,How did Gabriel de Clieu contribute to the spread of arabica coffee in the 1720s?
604727_10,What factors contributed to the Haitian Revolution in relation to coffee plantations?
604727_10,"When did Brazil become the largest producer of coffee in the world, and what led to this development?"
604727_10,What impact did the cultivation of coffee have on indigenous populations in Central America during the 19th century?
604727_11,What role did Yemen play in the history of coffee production?
604727_11,How did Brazil's coffee production change from 1800 to 1852?
604727_11,What was the impact of coffee cultivation on indigenous people in Central America?
604727_11,Which country was an exception to the large-scale displacement of indigenous populations during coffee cultivation?
604727_11,How did coffee consumption in the United States compare to other countries between 1860 and 1920?
604727_12,What were the conditions in Costa Rica that influenced the formation of coffee farms there during the 19th and 20th centuries?
604727_12,How did the coffee consumption trends in the United States compare to other countries between 1860 and 1920?
604727_12,"What role has coffee played in the economies of developing countries, particularly in Africa and Central America?"
604727_12,Can you list the two main species of coffee mentioned and their respective native regions?
604727_12,What family do all coffee plants belong to and how tall can they grow when unpruned?
604727_13,What are the primary coffee species cultivated for commercial purposes according to the article?
604727_13,Which African countries rely heavily on coffee as their main export based on the information provided?
604727_13,How tall can unpruned coffee plants grow as described in the article?
604727_13,What is the process of berry ripening for Arabica and Robusta coffee plants mentioned in the text?
604727_13,"Which coffee species is mainly self-pollinating, and how does it differ from the others in terms of pollination?"
604727_14,What is the length and width of coffee leaves mentioned in the article?
604727_14,How do the petioles of opposite coffee leaves behave?
604727_14,What happens to the berries after they ripen from green?
604727_14,What is the traditional method for planting coffee seeds during the rainy season?
604727_14,Which country led the world production of green coffee beans in 2020?
604727_15,What are the common methods of vegetative propagation for coffee plants mentioned in the article?
604727_15,How does the traditional method of planting coffee compare to the nursery method used in Brazil in terms of seed loss?
604727_15,What is the significance of the bean belt in coffee cultivation?
604727_15,Which country led the world in green coffee bean production in 2020 and what percentage did it account for?
604727_15,How do arabica and robusta coffee species differ in terms of flavor and caffeine content?
604727_16,What percentage of the world's coffee exports did Brazil account for in 2019?
604727_16,"Which coffee species is generally considered to be of higher quality, arabica or robusta?"
604727_16,How does the caffeine content in robusta coffee compare to that of arabica coffee?
604727_16,Why is robusta coffee often used as a substitute for arabica in commercial coffee blends?
604727_16,What significant issue in coffee cultivation accelerated the adoption of robusta coffee strains?
604727_17,What are the primary growing regions for arabica coffee beans?
604727_17,How does robusta coffee differ from arabica in terms of disease susceptibility and growing conditions?
604727_17,When and where was the robusta strain of coffee first collected?
604727_17,"What does coffee leaf rust do to coffee plant leaves, and which pathogen causes it?"
604727_17,How do the taste characteristics of coffee beans vary based on their growing region and varietals?
604727_18,What factors influence the taste characteristics of coffee?
604727_18,Can you explain what coffee varietals are and give some examples?
604727_18,What regions primarily grow arabica and robusta coffee beans?
604727_18,What are some common fungal diseases that affect coffee trees?
604727_18,Why is integrated pest management preferred over mass spraying of insecticides in coffee cultivation?
604727_19,What percentage of recorded pests attacking coffee crops worldwide are beetles?
604727_19,Which species of coffee is more sensitive to invertebrate predation?
604727_19,What integrated pest management techniques are suggested for coffee crops?
604727_19,How does the coffee borer beetle affect coffee berry production?
604727_19,What role do insectivorous birds play in controlling coffee berry borer populations?
604727_20,"What is the primary damaging insect pest affecting coffee production, and how much damage can it cause?"
604727_20,How does the coffee borer beetle reproduce inside coffee berries?
604727_20,What role do insectivorous birds play in controlling coffee berry borer populations?
604727_20,What was the traditional method of growing coffee and what ecological benefits did it provide?
604727_20,What are the negative environmental impacts of switching from shade-grown to sun cultivation methods for coffee?
604727_21,What are some benefits of shade-grown coffee compared to sun cultivation?
604727_21,Which tree species are commonly used in shade-grown coffee production?
604727_21,How does shade-grown coffee impact wildlife compared to sun-grown coffee?
604727_21,What environmental issues are associated with sun cultivation of coffee?
604727_21,How does the yield of shaded coffee plants compare to unshaded ones when fertilized?
604727_22,How does the response to fertilizer differ between shaded and unshaded coffee crops?
604727_22,What are some environmental issues associated with sun cultivation of coffee?
604727_22,What organizations support shade-grown and organic coffees?
604727_22,"How much water is required to produce one cup of coffee, and where does this water typically come from?"
604727_22,What impact does climate change have on coffee quality?
604727_23,How much water is required to grow the coffee beans for a single cup of coffee?
604727_23,What is the total amount of water needed to produce one kilogram of roasted coffee in various regions?
604727_23,What are the potential impacts of climate change on coffee yields in countries like Nicaragua and Ethiopia?
604727_23,What are some benefits of using used coffee grounds in gardening?
604727_23,What percentage of global coffee production was compliant with sustainability standards as of 2016?
604727_24,What are the common methods used for processing green coffee after it is picked?
604727_24,"How does climate change affect coffee farming, particularly in Nicaragua and Ethiopia?"
604727_24,What percentage of global coffee production was compliant with sustainability standards as of 2016?
604727_24,What is the difference between dry and wet processing methods for coffee?
604727_24,"Why are coffee berries often hand-picked, and what does strip picking entail?"
604727_25,What is the process involved in batch fermentation when producing coffee?
604727_25,How are coffee seeds typically dried to achieve uniform effects?
604727_25,What are the unique characteristics of kopi luwak coffee and its production process?
604727_25,Why does black ivory coffee have reduced bitterness compared to regular coffee beans?
604727_25,What factors contribute to the high prices of kopi luwak and black ivory coffee?
604727_26,What unique processing method is used to create kopi luwak coffee?
604727_26,How does the digestive process of the palm civet affect the flavor of the coffee?
604727_26,What are the prices for kopi luwak and black ivory coffee beans?
604727_26,What temperature does the roasting of coffee beans typically begin?
604727_26,How does roasting influence the taste and characteristics of coffee beans?
604727_27,What happens to the coffee bean during the roasting process?
604727_27,At what temperature does the roasting of coffee beans begin?
604727_27,How does roasting influence the taste and density of coffee beans?
604727_27,What is the significance of caffeol in coffee roasting?
604727_27,How are roasted coffee beans graded based on color?
604727_28,What happens to sucrose during the roasting process and how does it affect darker roasts?
604727_28,"At what temperature does caffeol begin to develop, and what is its significance in coffee?"
604727_28,"How can the degree of roast in coffee beans be determined, and what methods are used for grading?"
604727_28,What are the typical commercial terms used to describe roast levels from light to dark?
604727_28,How does the degree of roast influence the flavor and caffeine content of brewed coffee?
604727_29,What impact does the degree of roast have on coffee flavor and body?
604727_29,How does the roasting process affect the caffeine content of coffee when measured by volume?
604727_29,"What is the Swiss water process in relation to decaffeination, and how does it work?"
604727_29,What are the best storage practices for preserving coffee freshness and flavor?
604727_29,Why is it important for higher quality prepackaged coffee to have a one-way valve?
604727_30,"What is the process of decaffeination described in the article, and what methods are typically used to remove caffeine from coffee seeds?"
604727_30,Can you explain how coffee should be stored according to the article to preserve its freshness and flavor?
604727_30,What are the risks associated with storing coffee in refrigerators as mentioned in the excerpt?
604727_30,What historical method of coffee packaging was introduced in 1931 and how does it work to extend the shelf life of coffee?
604727_30,What factors should be considered when choosing a brewing method for coffee according to the excerpt?
604727_31,Why is it not recommended to store coffee in refrigerators?
604727_31,"What was the method introduced in 1931 for packing coffee, and how does it work?"
604727_31,What factors should be considered when choosing a coffee brewing method?
604727_31,At what temperature range does optimal coffee extraction occur?
604727_31,What grinding method is considered superior for brewing coffee and why?
604727_32,What factors should be considered when brewing coffee according to the article?
604727_32,What is the optimal temperature range for coffee extraction mentioned in the text?
604727_32,Which type of grinder is considered superior for coffee grinding and why?
604727_32,Can you describe the Turkish coffee brewing method outlined in the excerpt?
604727_32,What are the common grind sizes used for different brewing methods as per the article?
604727_33,What are the different methods by which coffee can be brewed according to the article?
604727_33,Can you explain how Turkish coffee is prepared and what makes it different?
604727_33,How does an automatic coffeemaker extract flavors from the coffee grounds?
604727_33,What is the role of pressure in the espresso brewing method compared to gravity methods?
604727_33,"What is crema, and why is it significant in the preparation of espresso?"
604727_34,What happens to the coffee grounds after brewing in a coffee percolator?
604727_34,How does the espresso method differ from gravity-brewing methods?
604727_34,"What is the crema, and why is it significant in espresso preparation?"
604727_34,Can you explain how cold brew coffee is made and its acidity level compared to hot-brewing methods?
604727_34,What are some common ways to serve coffee after it has been brewed?
604727_35,"What is the process for making cold brew coffee, and how does its acidity compare to hot-brewing methods?"
604727_35,Can you explain the different serving styles of espresso-based coffee mentioned in the article?
604727_35,What are some popular options for serving iced coffee?
604727_35,How does a long black differ from a caffè americano?
604727_35,"What types of alcoholic beverages can be made with coffee, according to the article?"
604727_36,What is the difference between caffè latte and cappuccino in terms of milk preparation?
604727_36,Can you provide examples of alcoholic beverages made with coffee?
604727_36,What are the potential health claims associated with 'functional coffee'?
604727_36,How much caffeine does mushroom coffee contain compared to standard coffee?
604727_36,What is the historical origin of instant coffee and who invented it?
604727_37,What are some common additions used in functional coffee drinks as mentioned in the article?
604727_37,How does the caffeine content in mushroom coffee compare to standard coffee?
604727_37,What potential digestive issues can arise from drinking mushroom coffee?
604727_37,Who invented instant coffee and when was it first invented?
604727_37,What was the primary reason many consumers preferred instant coffee despite its taste?
604727_38,What led to the rise in popularity of instant coffee after the war?
604727_38,In what year did coffee vending machines first become widely distributed?
604727_38,Which country leads the world in green coffee bean production as of 2023?
604727_38,What does the ticker symbol KC represent in coffee futures trading?
604727_38,What was coffee inaccurately referred to as since the 1970s in terms of commodity trading?
604727_39,What is the significance of the ticker symbol KC in the context of coffee trading?
604727_39,Which coffee type's futures contracts are traded on the London International Financial Futures and Options Exchange?
604727_39,Who stated that coffee was the second most valuable commodity exported by developing countries from 1970 to 2000?
604727_39,How much coffee does Finland consume per capita per year compared to other Nordic countries?
604727_39,When did International Coffee Day originate and who organized the first event?
604727_40,What are the top three coffee-consuming countries per capita reported in the article?
604727_40,What is the significance of International Coffee Day and when is it celebrated?
604727_40,How did the U.S. coffee consumption trend change between 2004 and 2024 according to the article?
604727_40,What brewing method remains the most popular in the U.S. as mentioned in the article?
604727_40,"What economic impact did coffee have on Brazil in the 1830s, according to the article?"
604727_41,What percentage of U.S. adults reported drinking coffee in the past day according to the April 2024 survey?
604727_41,How does the current coffee consumption in the U.S. compare to that of 2004?
604727_41,What brewing method remains the most popular for coffee?
604727_41,Which nationalities immigrated to Brazil in search of better economic opportunities related to coffee production?
604727_41,What percentage of Brazil's exports is attributed to coffee?
604727_42,How did the development of railways affect coffee production in Brazil during the early 20th century?
604727_42,What impact did coffee production have on immigration to São Paulo in the 1890s?
604727_42,"How much of Brazil's total coffee production was accounted for by São Paulo in the years 1880, 1888, and 1902?"
604727_42,What percentage of Brazil's exports is represented by coffee?
604727_42,"When did the concept of fair trade labeling for coffee begin, and which organization initiated it?"
604727_43,What is the significance of fair trade labeling for coffee growers?
604727_43,"How much fair trade coffee was produced in 2004 compared to 2005, and what does this indicate about its growth?"
604727_43,What challenges do fair trade coffee initiatives face regarding the bargaining power of non-participating growers?
604727_43,"Which organization initiated the first fair-trade coffee program, and what was its focus?"
604727_43,How did Starbucks' coffee offerings change in relation to fair trade certifications after 2000?
604727_44,What led Starbucks to start offering fair-trade coffee in its stores?
604727_44,How did the 2005 study in Belgium assess consumers' willingness to pay for ethical coffee?
604727_44,What is the significance of specialty coffee in terms of traceability and producer relationships?
604727_44,What does it mean for a roaster to 'fairly trade' with a coffee producer?
604727_44,How is some high-quality coffee sold through internet auctions or competitions?
604727_45,What is the significance of coffee coming from a single origin or a single lot from a single farm?
604727_45,How does a roaster develop a relationship with a coffee producer?
604727_45,What does it mean for coffee to be sold through internet auction?
604727_45,What is the caffeine content in brewed coffee compared to restaurant-brewed espresso?
604727_45,What did the American Heart Association state about caffeine intake in 2026?
604727_46,What is the caffeine content per 100 ml in brewed coffee made from typical grounds and tap water?
604727_46,What does the American Heart Association state about the health benefits of drinking caffeinated coffee?
604727_46,Are there any significant health risks associated with consuming 3–4 cups of coffee daily?
604727_46,What may be the impact of coffee consumption on women with regards to bone fractures?
604727_46,Can coffee have any immediate effects on digestion or bowel movement?
604727_47,What does the scientific review suggest about regular coffee consumption and its effects on cardiovascular health?
604727_47,What are the daily coffee intake levels that are generally considered safe according to the clinical trials?
604727_47,Are there any specific risks associated with coffee consumption for certain groups of people?
604727_47,"How does the caffeine content in different types of coffee, such as regular coffee and espresso, compare?"
604727_47,What temperatures affect the stability of caffeine during the coffee roasting process?
604727_48,"What is the primary psychoactive chemical found in coffee, and what is its effect on the body?"
604727_48,How does the method of preparation influence the caffeine content in coffee?
604727_48,What is the range of caffeine content in coffee based on different preparations mentioned in the article?
604727_48,"At what temperatures does caffeine remain stable or decompose, according to the content?"
604727_48,"How long have coffeehouses been in existence, and when was the first one opened?"
604727_49,What role does coffee typically play in meals according to the article?
604727_49,Can you tell me about the history of coffeehouses mentioned in the excerpt?
604727_49,What is a barista and what role do they play in coffee culture?
604727_49,How did the concept of the coffee break originate in the United States?
604727_49,What religious debates surrounded the consumption of coffee historically?
604727_50,What is the significance of the Stoughton Coffee Break Festival in relation to Norwegian immigrants?
604727_50,How did the term 'coffee break' become widely used in American culture?
604727_50,Which religious groups have historically prohibited or condemned coffee consumption?
604727_50,What were some of the reasons behind various historical prohibitions of coffee by political leaders?
604727_50,What cultural practices are associated with coffee among the Oromo people?
604727_51,What are some Christian groups that discourage coffee consumption according to the article?
604727_51,Why did Ethiopian Orthodox Christians avoid coffee until the end of the 19th century?
604727_51,What political reasons led to the prohibition of coffee in England under King Charles II?
604727_51,Can you explain the origin of the term 'cup of Joe' as mentioned in the article?
604727_51,What legend about coffee is associated with the Oromo people's customs?
604727_52,What humorous composition did Johann Sebastian Bach create that is related to coffee addiction?
604727_52,What is the origin story of the phrase 'cup of Joe' as it pertains to coffee?
604727_52,How did U.S. Navy sailors come to refer to coffee as a 'cup of Joe'?
604727_52,What nickname for coffee was previously popular before it was shortened to 'Joe'?
604727_52,Why is coffee referred to as the drink of the average Joe?
604727_53,What is the title of the book written by Mark Pendergrast that discusses the history of coffee?
604727_53,Can you list one book about coffee published by Elsevier Applied Science?
604727_53,Who are the authors of 'The World of Caffeine' and what is its primary focus?
604727_53,"What year was 'The Joy of Coffee: The Essential Guide to Buying, Brewing, and Enjoying' published?"
604727_53,Which publication discusses plant-parasitic nematodes related to coffee?
604727_54,What is the title of the book authored by Bennett Alan Weinberg and Bonnie K. Bealer about caffeine?
604727_54,Can you provide the ISBN number for the book 'Coffee: The Epic of a Commodity' by Heinrich Eduard Jacob?
604727_54,Who wrote the article titled 'The Secret May Be in the Coffee' published in The New York Times?
604727_54,What is the publication year of the book 'How to Make Coffee: The Science Behind the Bean' by Lani Kingston?
604727_54,"Which article discusses Sufis and coffee consumption in historical contexts, and where was it published?"
604727_55,Who is the author of 'How to Make Coffee: The Science Behind the Bean'?
604727_55,What kind of research does the article by Mahamid and Nissim focus on?
604727_55,Can you name a study that links coffee consumption with health benefits?
604727_55,In which year was the professional barista's handbook published?
604727_55,What type of coffee is discussed in the Ikaria Study regarding vascular function?
47660_0,What is the origin of espresso and why is it popular worldwide?
47660_0,How is espresso made and what brewing method is used?
47660_0,What are the characteristics of espresso in terms of serving size and layers?
47660_0,How does espresso's caffeine content compare to that of regular drip coffee?
47660_0,What role does espresso play in the making of other coffee drinks and its cultural significance?
47660_1,What types of coffee beans can be used to make espresso and how do they affect flavor?
47660_1,What factors influence the quality of an espresso according to the article?
47660_1,Can you explain the cultural significance of espresso in coffee shop culture?
47660_1,What does the etymology of the word 'espresso' convey about its meaning?
47660_1,How has the pronunciation of 'espresso' evolved in English-speaking countries?
47660_2,What does the term 'espresso' derive from in Italian?
47660_2,How did the pronunciation of 'espresso' as 'expresso' originate in English?
47660_2,Who pioneered modern espresso using hot water under pressure?
47660_2,What was the original name for espresso as seen on old Gaggia machines?
47660_2,When did the spelling 'espresso' gain prominence over 'expresso'?
47660_3,What does the Oxford Dictionary say about the spelling of espresso as of 2016?
47660_3,How is the term espresso derived in the context of the Italian language?
47660_3,What were the key developments in the coffee brewing process in Italy during the late 19th century?
47660_3,Who invented the coffee machine that used steam and when was it patented?
47660_3,What is the common way Italians refer to espresso in their cafes?
47660_4,What significant changes occurred in coffee consumption in Italy during the mid-19th century?
47660_4,Who was Angelo Moriondo and what was his contribution to coffee machines?
47660_4,What was the main innovation of Luigi Bezzera's coffee maker patented in 1901?
47660_4,How did the coffee machines developed in the 19th century impact café efficiency?
47660_4,What did Desiderio Pavoni do with Bezzera's patents in 1903?
47660_5,What innovation did Luigi Bezzera introduce in 1901 for brewing coffee?
47660_5,How did Desiderio Pavoni modify Bezzera's espresso machine design?
47660_5,What were the limitations of early espresso machines compared to modern ones?
47660_5,In what year did Bezzera and Pavoni showcase their espresso machines at the World Fair Expo?
47660_5,How did American-style bars influence the market for espresso in the early 20th century?
47660_6,What modifications did the inventor make to the espresso machine in 1905?
47660_6,How did early espresso machines affect the taste and appearance of espresso?
47660_6,What were the key factors that helped expand the market for espresso after 1906?
47660_6,Which companies dominated the production of espresso machines in the early years?
47660_6,What changes occurred in the design and energy source of espresso machines by the 1920s?
47660_7,What were the main challenges for espresso machine manufacturers during the early years of production?
47660_7,"How did the design of espresso machines change by the 1920s, and what cultural significance did they gain in Italy?"
47660_7,What impact did the social climate in Italy during the 1930s have on coffee consumption habits?
47660_7,Can you explain the advancements made by Francesco Illy and Achille Gaggia in espresso machine technology?
47660_7,"What modifications did Gaggia implement in 1947 to improve the espresso machines, and how did it affect the coffee quality?"
47660_8,What significant event in 1941 affected coffee imports in Italy?
47660_8,Who registered a patent for the Illetta machine in 1935 and what was its mechanism?
47660_8,What key innovation did Achille Gaggia introduce in 1947 for espresso machines?
47660_8,How did Gaggia advertise his machines and what unique feature did they highlight?
47660_8,"What major espresso machine development occurred in 1961, and who was behind it?"
47660_9,What pressure is typically used to force water through the coffee puck when making espresso?
47660_9,How did Gaggia market their espresso machines differently than Valente's later design?
47660_9,What was a significant technological advancement introduced by Ernesto Valente in the Faema E61 espresso machine?
47660_9,How did the Faema E61 improve the efficiency of making espresso for baristas?
47660_9,In which regions did Italians spread their espresso culture during the colonial period?
47660_10,What was the significance of the Faema E61 in the mechanization of espresso machines?
47660_10,How does the brewing process of espresso affect its viscosity compared to other coffee methods?
47660_10,What is the typical caffeine content in a standard serving of espresso compared to a serving of drip coffee?
47660_10,Can you explain the three phases present in a cup of espresso and their characteristics?
47660_10,In what ways did Italians influence espresso culture in their East African colonies?
47660_11,What is the typical serving size of espresso compared to other coffee drinks?
47660_11,How much caffeine is found in a standard serving of espresso?
47660_11,What are the three phases that make up an espresso drink?
47660_11,What is the composition of crema in espresso?
47660_11,How is espresso made according to the brewing process described?
47660_12,What unique feature does the crema add to espresso that is not found in other brewing methods?
47660_12,How is the crema in espresso produced during the brewing process?
47660_12,What are the key dietary minerals and vitamins found in a 100 ml serving of espresso?
47660_12,"What is the process of making espresso, and what role does pressure play in it?"
47660_12,What parameters does the Italian Espresso National Institute provide for making certified Italian espresso?
47660_13,What are the technical parameters for making a certified Italian espresso according to the Italian Espresso National Institute?
47660_13,How does tamping down the coffee affect the espresso extraction process?
47660_13,What are the common roast preferences for espresso in southern and northern Italy?
47660_13,What does the term ‘doppio’ refer to in the context of espresso sizes?
47660_13,"What is the significance of the espresso size and length, and how do they relate to the amount of ground coffee used in brewing?"
47660_14,"What are the different sizes of espresso, and how much ground coffee is used for each?"
47660_14,"Can you explain the terminology used for espresso lengths such as ristretto, normale, and lungo?"
47660_14,What is the significance of the Italian term 'doppio' in relation to espresso size?
47660_14,"How do portafilters function with respect to espresso preparation, particularly with multiple spouts?"
47660_14,What variations exist in espresso size and extraction at different cafés outside Italy?
47660_15,What are the different types of espresso lengths mentioned in the article?
47660_15,How is the grind size adjusted for ristretto and lungo espresso?
47660_15,What is the typical water volume used for a double espresso?
47660_15,Can you explain the difference between solo espresso and doppio espresso?
47660_15,What is the volume range for a caffè crema compared to a lungo?
47660_16,"What is the typical water volume for a double espresso, and how does it compare to ristretto and lungo?"
47660_16,"How does the grind size differ between ristretto, normale, and lungo espressos?"
47660_16,What is a caffè crema and how does its size and preparation differ from a lungo?
47660_16,Can you explain the importance of grind adjustment in preparing different types of espresso?
47660_16,What are some of the earliest home espresso machines mentioned in the article?
47660_17,What are some popular home espresso machines mentioned in the article?
47660_17,Can you list a few espresso-based drinks that are served with milk?
47660_17,What is the typical volume of a shot of espresso according to the article?
47660_17,What does the term 'Caffè corretto' refer to in espresso drinks?
47660_17,How did the popularity of home espresso machines rise according to the text?
2796757_0,What are the main chemical changes that occur during the coffee roasting process?
2796757_0,"Why are unroasted coffee beans considered to have similar levels of acids, proteins, sugars, and caffeine as roasted beans?"
2796757_0,How has the trend toward single-origin coffees influenced the growth of small-scale coffee roasting?
2796757_0,What tools were used for coffee roasting in the 15th century according to historical records?
2796757_0,"When did the first cylinder roaster appear, and what materials were commonly used for its construction?"
2796757_1,When did Arab communities in Yemen start deliberately roasting coffee beans as part of beverage preparation?
2796757_1,What were the earliest implements used for roasting coffee in the 15th century?
2796757_1,Describe the first cylinder roaster and its significance in the history of coffee roasting.
2796757_1,How did home roasting practices continue despite the invention of commercial roasters in the 19th century?
2796757_1,What was one simple method many people used for roasting coffee beans at home?
2796757_2,What inventions in the 19th century influenced commercial coffee roasting in the U.S. and Europe?
2796757_2,How did home roasting methods differ from commercial roasting methods during the 1850s?
2796757_2,What significant marketing breakthrough occurred in 1864 that influenced coffee sales?
2796757_2,When were the first electric coffee roasters patented in the U.S. and Germany?
2796757_2,How did the popularity of home roasting change over time in America during the early 1900s?
2796757_3,What advancements in commercial roasting occurred in the 1860s and 1870s that impacted the U.S. roasting industry?
2796757_3,How did the introduction of the one-pound paper bag by the Arbuckle Brothers in 1864 affect the market for roasted coffee?
2796757_3,What were the key differences between home roasting and commercial roasting in France after the 1920s?
2796757_3,How did the patenting of electric roasters in 1903 and 1906 change the roasting process in America and Germany?
2796757_3,"What trends in coffee consumption emerged in the U.S. during the 1950s and subsequent decades, especially regarding specialty coffeehouses?"
2796757_4,What appliances are commonly used for home coffee roasting as mentioned in the article?
2796757_4,How did the popularity of instant coffee in the 1950s affect coffeehouse culture?
2796757_4,Can you explain the significance of the Siemens Sirocco home roaster in the 1970s and 1980s?
2796757_4,What was the impact of Michael Sivetz's patent on hot air roasting designs in the U.S.?
2796757_4,How did the internet influence the gourmet coffee industry by 2001 according to the excerpt?
2796757_5,What was the significance of Michael Sivetz's patent in coffee roasting?
2796757_5,What types of home roasting equipment became popular in the 1990s?
2796757_5,Can you explain the main steps involved in the coffee-roasting process?
2796757_5,What happens to coffee beans when they reach around 175 °C during roasting?
2796757_5,How does the mass and volume of coffee beans change during the roasting process?
2796757_6,What happens to the heat dynamics of coffee beans during the roasting process at around 175 °C?
2796757_6,"How much mass do coffee beans typically lose during roasting, and what is the primary reason for this loss?"
2796757_6,What traditional method is used in Vietnam to coat coffee beans before roasting?
2796757_6,What are the two most common types of roasting machines mentioned in the article?
2796757_6,How do drum machines typically provide heat during the coffee roasting process?
2796757_7,What are the two basic types of coffee roasting machines commonly used?
2796757_7,How does the 'butter roast' technique in Vietnam differ from traditional roasting methods?
2796757_7,Can you explain the main differences between drum and hot-air roasting machines?
2796757_7,What factors should be considered when determining the best roast profile for a coffee?
2796757_7,What does a roast profile graph typically illustrate regarding the roasting process?
2796757_8,What are some names used by coffee roasters to describe different degrees of roast?
2796757_8,How can roast profiles help in achieving specific flavor characteristics in coffee?
2796757_8,What factors determine the best roast profile for a particular coffee?
2796757_8,What visual cues indicate the degree of roast as coffee beans are heated?
2796757_8,What does Gianni Frasi mean by saying that immersion in direct flame is essential for high-quality coffee?
2796757_9,What method is used to determine the degree of coffee roast according to the article?
2796757_9,How do the color and appearance of coffee beans change during the roasting process?
2796757_9,What does Gianni Frasi mean by stating that immersion in direct flame is purification for coffee beans?
2796757_9,What are the two events called 'cracks' that roasters listen for during coffee roasting?
2796757_9,At what temperatures do the first and second cracks occur in the roasting process?
2796757_10,What are the two key events called 'cracks' that coffee roasters listen for during the roasting process?
2796757_10,"At what temperature does the first crack occur, and what does it signify in terms of the roast?"
2796757_10,How does the second crack differ from the first crack in terms of temperature and the condition of the coffee beans?
2796757_10,"What happens to the lipids inside the coffee bean during roasting, and how is this related to the appearance of darker roasts?"
2796757_10,"How do the flavors of coffee change as the roast progresses from lighter to darker, particularly regarding origin flavors versus roast flavors?"
2796757_11,What happens to the lipids inside the coffee bean during roasting?
2796757_11,How do lighter and darker roasts differ in terms of flavor profile?
2796757_11,What is the significance of chlorogenic acids in coffee roasting?
2796757_11,How stable is caffeine during the roasting process?
2796757_11,Why does a lighter roast contain more caffeine than a darker roast when measured by volume?
2796757_12,"What are chlorogenic acids (CGAs), and why is breaking them down a goal of the roasting process?"
2796757_12,How does the roasting process affect the caffeine content in coffee beans?
2796757_12,What changes occur in the volume and density of coffee beans during roasting?
2796757_12,What has contributed to the revival of home roasting in recent years?
2796757_12,"What methods can extend the shelf life of roasted coffee, and what is its typical shelf life?"
2796757_13,What was more common for at-home coffee drinkers before the rise of commercial coffee roasting?
2796757_13,What are the main factors that affect the shelf life of roasted coffee?
2796757_13,What preservation method was first used on a large scale for coffee?
2796757_13,What happens to coffee after it is roasted that affects packaging?
2796757_13,What are the primary emissions produced during coffee processing?
2796757_14,What is the recommended storage duration for roasted whole beans if kept cool?
2796757_14,What are the primary emissions produced during the coffee processing stages?
2796757_14,Why are separate thermal oxidisers considered more efficient than roasters for gas emissions?
2796757_14,What methods can be employed to retard the staling process of coffee?
2796757_14,What is the impact of grinding coffee on its freshness and usage timeframe?
2796757_15,What are the sources of VOC emissions in coffee processing?
2796757_15,How are particulate matter emissions managed during roasting?
2796757_15,What temperature range do thermal oxidisers typically operate at for coffee roasting?
2796757_15,What is the difference between thermal oxidisers and thermal catalytic oxidisers?
2796757_15,How are emissions from spray dryers controlled in coffee production?
1092590_0,What is the botanical family that Coffea arabica belongs to?
1092590_0,How much of global coffee production does Coffea arabica account for?
1092590_0,What are the characteristics of the flowers produced by Coffea arabica?
1092590_0,Who formally published the botanical name for Coffea arabica and in what year?
1092590_0,What is the genetic composition of Coffea arabica compared to diploid species?
1092590_1,What is the botanical name for Arabica coffee and who published it?
1092590_1,"How many copies of chromosomes does Coffea arabica have, and what does this indicate about its classification?"
1092590_1,Can you explain the hybridization that led to Coffea arabica's existence?
1092590_1,"Where is Coffea arabica originally found, and in which regions is it commonly grown?"
1092590_1,What specific environmental conditions does Coffea arabica prefer for optimal growth?
1092590_2,What is the estimated timeline for the origins of Coffea arabica?
1092590_2,"In which countries is Coffea arabica commonly grown, and what type of environment does it prefer?"
1092590_2,Is Coffea arabica considered native to all regions it is found in?
1092590_2,How has coffee cultivation in Hawaii impacted local ecosystems?
1092590_2,Why is Coffea arabica classified as an environmental weed in southeast Queensland?
1092590_3,What characteristics define the habitat of Coffea arabica?
1092590_3,When was coffee first introduced to Hawaii and when did its cultivation become extensive?
1092590_3,In which regions of Sri Lanka are coffee shrubs considered invasive species?
1092590_3,In what context has Coffea arabica been classified as an environmental weed in Australia?
1092590_3,What is the historical significance of Yemen in the cultivation of coffee beans?
1092590_4,What percentage of the world's coffee production is accounted for by Coffea arabica?
1092590_4,How long does it take for C. arabica to mature fully?
1092590_4,What factors contribute to the ideal growth conditions for Coffea arabica?
1092590_4,What is the altitude range for cultivating Coffea arabica?
1092590_4,Why is Coffea arabica often trimmed to around 2 meters in height?
1092590_5,What percentage of the world's coffee production does Coffea arabica account for?
1092590_5,How long does it take for Coffea arabica to fully mature?
1092590_5,What is the ideal rainfall distribution for Coffea arabica cultivation?
1092590_5,At what altitudes is Coffea arabica usually grown?
1092590_5,What temperature range is optimal for growing Coffea arabica?
1092590_6,What type of flowers does Coffea arabica produce and what is their fragrance similar to?
1092590_6,How does overflowering in coffee plants affect future yields?
1092590_6,What happens to the color of the coffee berries as they ripen?
1092590_6,Why is hand-picking important when harvesting coffee berries?
1092590_6,"How much dried beans can a Coffea arabica tree produce, and what factors influence this amount?"
1092590_7,What factors influence the cultivation and yield of Coffea arabica trees?
1092590_7,How do different harvesting methods affect the quality of coffee berries?
1092590_7,What are the key threats to Coffea arabica due to climate change?
1092590_7,What distinguishes gourmet coffees made from arabica beans?
1092590_7,What is the significance of labeling coffee blends as '100% Arabica'?
1092590_8,What season do Coffea arabica trees have for harvesting?
1092590_8,What conditions make Coffea arabica plants vulnerable to damage?
1092590_8,How is climate change expected to impact Coffea arabica production?
1092590_8,What are some well-known varieties of high-quality arabica coffee?
1092590_8,Why did some coffee roasters stop using the '100% Arabica' label on their packages?
1092590_9,What changes were made to the packaging of coffee that previously declared '00% Arabica'?
1092590_9,What is the caffeine content comparison between normal Coffea arabica plants and the AC strains?
1092590_9,Why is Coffea arabica considered endangered despite its large wild population?
1092590_9,How does climate change impact the growth and reproductive success of Coffea arabica?
1092590_9,What major threats does the coffee leaf rust fungus pose to Coffea arabica?
1092590_10,What percentage of Ethiopia's total land surface was covered by forest before significant deforestation occurred?
1092590_10,How does climate change potentially affect the population of Coffea arabica by 2088?
1092590_10,What is the financial impact of coffee leaf rust on Coffea arabica annually?
1092590_10,How has the coffee berry borer's habitat changed due to climate change?
1092590_10,Why is conserving healthy populations of wild coffee in Yemen important for Coffea arabica?
1092590_11,What financial impact does Hemileia vastatrix have on Coffea arabica production annually?
1092590_11,How does Hemileia vastatrix affect the photosynthesis process in Coffea arabica?
1092590_11,What is the significance of conserving healthy populations of wild coffee in Yemen's Afromontane rainforests?
1092590_11,Why is the genetic integrity of wild coffee threatened by coffee cultivation?
1092590_11,What potential changes in coffee cultivation might occur by 2050 due to climate change?
1999146_0,What is the scientific classification of robusta coffee and how does it differ from arabica coffee?
1999146_0,How does the caffeine content of Coffea canephora compare to that of Coffea arabica?
1999146_0,What are the primary characteristics of the Coffea canephora plant in terms of growth and yield?
1999146_0,"In which regions did Coffea canephora originate, and how much does it contribute to global coffee production?"
1999146_0,What are the key differences in flavor and composition between beans from Coffea canephora and Coffea arabica?
1999146_1,What is the height range that the Coffea canephora plant can grow to?
1999146_1,How does the caffeine content of robusta compare to that of arabica?
1999146_1,In which regions is C. canephora indigenous?
1999146_1,What advantages does robusta have over arabica in terms of cultivation?
1999146_1,What percentage of global coffee production does robusta represent?
1999146_2,What regions in Africa is Coffea canephora native to?
1999146_2,In which countries has Coffea canephora become naturalized due to coffee cultivation?
1999146_2,What are the main advantages of robusta coffee compared to arabica?
1999146_2,Which country is the largest exporter of robusta coffee as of recent years?
1999146_2,What is the significance of microbial communities associated with Coffea canephora?
1999146_3,"What is the primary region where Coffea canephora, or robusta coffee, is mostly grown?"
1999146_3,How does the coffee production of Vietnam compare to that of Brazil in terms of robusta coffee?
1999146_3,What are the key characteristics that make robusta coffee cheaper to produce than C. arabica?
1999146_3,In what way does robusta coffee’s flavor differ from that of arabica coffee?
1999146_3,How is good-quality robusta beans utilized in traditional Italian coffee culture?
5930_0,What genus does the coffee plant belong to and what family is it a part of?
5930_0,What are the two most commonly cultivated species of coffee and what percentage of global production do they each account for?
5930_0,How tall does the coffee plant usually grow when cultivated in tropical regions?
5930_0,What is the approximate time it takes for coffee fruit to ripen?
5930_0,What is a peaberry and how does it differ from a normal coffee bean?
5930_1,What is the height range of the coffee plant when grown in the tropics?
5930_1,"What type of fruit does the coffee tree produce, and what are its common names?"
5930_1,How long does it typically take for a Coffea arabica tree to start producing fruit?
5930_1,"What percentage of coffee fruits contain only a single bean, and what is it called?"
5930_1,What significant changes occurred in the Coffea genus in 2011 regarding Psilanthus species?
5930_2,Who first described the genus Coffea and when did that occur?
5930_2,What notable discovery regarding new Coffea species was made in northern Madagascar?
5930_2,What potential benefits could arise from crossing newly identified Coffea species with known varieties?
5930_2,What major taxonomic change occurred in 2011 involving the genus Coffea?
5930_2,What significant information about the coffee genome was published in 2014?
5930_3,What are the key differences in morphology between Coffea and Psilanthus as mentioned in the article?
5930_3,How did the 2014 publication of the coffee genome contribute to our understanding of caffeine production in coffee plants?
5930_3,What significant findings about the relationships among Coffea species were made in the 2017 phylogeny study?
5930_3,What advancements in coffee production were suggested by the 2020 DNA fingerprinting technique?
5930_3,What role does caffeine play in the ecology of coffee plants according to the article?
5930_4,What is the technique used for genetic authentication of coffee plants as mentioned in the article?
5930_4,How does caffeine function as a defense mechanism for coffee plants against pests?
5930_4,What are some potential improvements to coffee production suggested by DNA fingerprinting?
5930_4,"As of January 2026, how many species of coffee does Plants of the World Online accept?"
5930_4,What insect pests are identified in the article as affecting coffee production?
5930_5,What are the two most popular species of Coffea and what percentage of coffee production do they account for?
5930_5,How does the caffeine content of Coffea canephora compare to Coffea arabica?
5930_5,What evolutionary adaptation is suggested by the independent evolution of caffeine in Coffea and other genera?
5930_5,What insects are known to affect coffee production as mentioned in the article?
5930_5,What additional products can be made from the fruit and leaves of the Coffea plant?
1566948_0,What is the origin of coffee beans as seeds from the Coffea plant?
1566948_0,How are coffee cherries different from regular cherries in terms of seed composition?
1566948_0,"What percentage of coffee beans do peaberries represent, and what is claimed about their quality?"
1566948_0,"Which two coffee plant varieties are the most economically important, and what are their respective caffeine contents?"
1566948_0,"Who was the first to cultivate coffee in Europe, and what year did that occur?"
1566948_1,What percentage of some developing nations' foreign exchange earnings comes from coffee beans?
1566948_1,Which country was the largest producer of coffee and coffee beans in 2023?
1566948_1,Can you list some of the main exporters of coffee beans besides Brazil?
1566948_1,What significant event in coffee history occurred around 850 AD involving a goat herder?
1566948_1,What is the area where coffee plants traditionally grow called?
1566948_2,What percentage of the world's coffee exports does Brazil produce?
1566948_2,What is the region between the tropics of Cancer and Capricorn commonly called?
1566948_2,"What is a coffee cherry, and how does it differ from true cherries?"
1566948_2,What characteristics are associated with peaberries compared to regular coffee beans?
1566948_2,How does the age of a coffee tree affect its fruit production and resistance to diseases?
1566948_3,What are peaberries and how do they compare to regular coffee beans in terms of flavor?
1566948_3,How do the heights of coffee trees affect their fruit production as they age?
1566948_3,What are the ideal temperature ranges for growing Arabica and Robusta coffee beans?
1566948_3,What methods can farmers use to enhance coffee plant growth and conditions?
1566948_3,Can you explain the difference between selective picking and strip-picking in coffee harvesting?
1566948_4,What are the ideal temperature ranges for growing Arabica and Robusta coffee beans?
1566948_4,What are the two methods primarily used to process coffee berries?
1566948_4,How does selective picking differ from strip-picking in coffee harvesting?
1566948_4,What is the significance of rainfall during different stages of coffee fruit development?
1566948_4,Can you explain the dry processing method of coffee and its historical context?
1566948_5,What are the two primary methods used for processing coffee berries?
1566948_5,How does the wet or washed process for coffee differ from the dry processing method?
1566948_5,What is kopi luwak and how is it processed?
1566948_5,Can you explain the role of non-volatile and volatile compounds in coffee beans?
1566948_5,What are the characteristics of a typical dried coffee bean in terms of weight and color?
1566948_6,"What process is used to obtain kopi luwak coffee beans, and why are they considered niche?"
1566948_6,How do the green and roasted coffee beans differ in terms of alkaloid content?
1566948_6,What impact does growing altitude have on the concentration of trace elements and caffeine in coffee beans?
1566948_6,Can you describe the general appearance of mature versus immature coffee beans?
1566948_6,What are the primary non-volatile compounds found in coffee beans that contribute to their aroma when roasted?
1566948_7,What impact do growing altitudes have on the composition of coffee beans?
1566948_7,How does temperature affect the solubility of caffeine in water?
1566948_7,What is the typical caffeine content range by weight in dry green coffee beans?
1566948_7,What happens to trigonelline during the roasting process of coffee?
1566948_7,What percentage of dried green coffee beans is made up of proteins?
1566948_8,What types of acids are found in green coffee beans and how do they affect the taste?
1566948_8,How much caffeine dissolves in water at room temperature compared to 80 °C?
1566948_8,What percentage of trigonelline is degraded during roasting and what does it convert to?
1566948_8,"What proportion of dried green coffee beans is made up of proteins, and what happens to these proteins during roasting?"
1566948_8,"Which amino acids are most concentrated in arabica and robusta coffee, and what happens to them when coffee is roasted?"
1566948_9,What are the effects of high temperature and oxygen concentration on green coffee beans?
1566948_9,Which amino acid has the highest concentration in Coffea arabica and what is its amount?
1566948_9,What happens to amino acids in green coffee beans when they are roasted?
1566948_9,How do diketopiperazines contribute to the taste of roasted coffee?
1566948_9,What are the primary components of carbohydrates in green coffee beans?
1566948_10,What compounds contribute to the bitterness in roasted coffee according to the article?
1566948_10,How do polysaccharides influence the flavor of green coffee beans?
1566948_10,What is the average lipid content in dried green coffee beans?
1566948_10,How do lipids on the surface of coffee beans protect them?
1566948_10,What is the lipid content difference between Arabica and Robusta coffee beans?
1566948_11,What is the total lipid content in dried green coffee beans according to the article?
1566948_11,How do lipids on the surface of coffee beans contribute to their protection?
1566948_11,What are the main types of triglycerides found in the interior tissue of coffee beans?
1566948_11,What is the difference in lipid content between Arabica and Robusta coffee beans?
1566948_11,What happens to chlorogenic acids during the roasting process of coffee?
1566948_12,What percentage of the lipid fraction does rpenes represent in coffee beans?
1566948_12,What are the names of some diterpenes found in green coffee?
1566948_12,How are the diterpenes in coffee oil associated with fatty acids?
1566948_12,What is the chlorogenic acid content in dried arabica vs. robusta green coffee beans?
1566948_12,What happens to chlorogenic acids during the roasting process?
4604645_0,What are the basic steps involved in the coffee preparation process?
4604645_0,How do variables like grind size and water temperature impact coffee flavor?
4604645_0,What are the recommended methods for maintaining coffee temperature after brewing?
4604645_0,Can coffee be prepared in advance and how does that affect its character?
4604645_0,What factors influence the extraction process of coffee during brewing?
4604645_1,What are some common storage methods for coffee to maintain its temperature and freshness?
4604645_1,How does the grinding process influence the extraction character of coffee?
4604645_1,What is the recommended brew ratio of water to coffee for optimal flavor?
4604645_1,What are the differences between manual and automated coffee brewing methods?
4604645_1,How do additives like sweeteners and dairy products affect the perception of coffee's flavor?
4604645_2,What is the typical ratio of coffee to water by mass that experienced drinkers observe during preparation?
4604645_2,Can you explain how different coffee preparation methods affect the perceived characteristics like aroma and mouthfeel?
4604645_2,How does the addition of sweeteners or dairy influence the flavor profile of brewed coffee?
4604645_2,What physical changes do green coffee beans undergo during the roasting process?
4604645_2,"What household items can be used to roast coffee beans, and what is a specialized tool for this purpose?"
4604645_3,What is the impact of dairy products on brewed coffee's flavor and texture?
4604645_3,How does roasting affect the size and color of green coffee beans?
4604645_3,What types of equipment can be used for roasting coffee?
4604645_3,Why is the fineness of the coffee grind important for brewing?
4604645_3,What are the consequences of using coffee grounds that are too finely ground for the brewing method?
4604645_4,How does the grind size affect the brewing process of coffee?
4604645_4,What are the consequences of using a too fine grind in coffee preparation?
4604645_4,Why is a uniform grind important in coffee brewing?
4604645_4,"What are the different methods of grinding coffee, and how do they differ?"
4604645_4,In what ways can used coffee grounds be repurposed after brewing?
4604645_5,What are the reasons ground coffee deteriorates faster than roasted beans?
4604645_5,What are some alternative uses for used coffee grounds?
4604645_5,Can you explain the difference between conical burrs and flat wheel burrs in burr grinders?
4604645_5,Why is a uniform grind important for brewing coffee?
4604645_5,What are the various brewing systems suitable for using burr grinders?
4604645_6,What is the significance of the grind size in coffee preparation and how does it affect extraction?
4604645_6,What types of grinders are discussed in the article and what are their main differences?
4604645_6,Why are most domestic burr grinders not suitable for Greek coffee preparation?
4604645_6,What advantages do some burr grinders offer with multiple burr sets?
4604645_6,How do blade grinders differ from burr grinders in terms of grind consistency and particle size?
4604645_7,What is the advantage of using electrical burr grinders over blade grinders for coffee preparation?
4604645_7,Why are blade grinders not recommended for use with pump espresso machines?
4604645_7,What method is suggested for achieving a finer grind for Arabic and Greek coffee?
4604645_7,How do roller grinders differ from other methods of grinding coffee?
4604645_7,What are the main drawbacks of using high-speed blade grinders for grinding coffee?
4604645_8,What types of coffee preparation methods are mentioned in the article?
4604645_8,Why are roller grinders used primarily by commercial coffee producers?
4604645_8,How does the brewing method of decoction differ from infusion?
4604645_8,What happens to brewed coffee if it is kept hot for too long?
4604645_8,Are there any specific grinding methods recommended for Arabic and Greek coffee?
4604645_9,What are the different methods of introducing water to coffee grounds mentioned in the article?
4604645_9,Why does brewed coffee deteriorate in flavor if kept hot?
4604645_9,How can brewed coffee last almost indefinitely at room temperature?
4604645_9,"What is the role of electronic coffee makers in the brewing process, according to the article?"
4604645_9,What should be considered to avoid bitterness when using a French press for brewing coffee?
4604645_10,What is the most critical factor to pay attention to when using a French press for brewing coffee?
4604645_10,How does boiling temperature affect the release of coffee's aromatic oils and bitter acids?
4604645_10,Can you describe the traditional method of making coffee referred to as 'mud coffee'?
4604645_10,What is the purpose of the German Empot coffee pot in relation to ground coffee?
4604645_10,What is the technique for preparing 'cowboy coffee' and what does it suggest about its historical usage?
4604645_11,What are the precautions drinkers should take when consuming coffee prepared with an extremely fine grind?
4604645_11,How does the German Empot differ from traditional coffee preparation methods?
4604645_11,What is the process involved in making 'cowboy coffee' and what materials are typically used?
4604645_11,"In what regions is Turkish coffee commonly prepared, and what are the main ingredients used?"
4604645_11,"What is the function of the plunger in a French press coffee maker, and how does it relate to the steeping process?"
4604645_12,What are some regions where Turkish coffee is traditionally prepared?
4604645_12,Can you describe the process of making Turkish coffee and the equipment used?
4604645_12,How does the French press brewing method differ from other coffee preparation methods?
4604645_12,What is the recommended grind size for coffee when using a French press?
4604645_12,What are some historical coffee brewing devices mentioned in the article?
4604645_13,What is the typical brewing time for coffee when using a plunger method?
4604645_13,Why is it important to pay attention to the grind of coffee beans?
4604645_13,Can you name some historical coffee brewing devices mentioned in the excerpt?
4604645_13,What are some newer coffee brewing devices that support immersion and drip-filtering?
4604645_13,How does the brewing method using a 'sock' in Malaysian coffee differ from using coffee bags?
4604645_14,"What are some examples of coffee preparation tools mentioned in the article, and what years were they introduced?"
4604645_14,How do coffee bags differ from tea bags in terms of their use during brewing?
4604645_14,"What is a 'sock' in the context of coffee brewing, and which regions commonly use this method?"
4604645_14,Can you explain how a vacuum brewer operates and the role of vapor pressure in the brewing process?
4604645_14,"What is drip brew coffee, and how is it typically prepared using coffee grounds and filters?"
4604645_15,What type of seal is used to join the bowl and pot in the siphon coffee preparation method?
4604645_15,How does the process of forcing water into the bowl occur during siphon brewing?
4604645_15,What are the common filtration methods mentioned for brewing coffee?
4604645_15,How does the strength of drip brew coffee typically compare to espresso in terms of taste and caffeine concentration?
4604645_15,What does the color of the pot signify in restaurants when serving regular versus decaffeinated coffee?
4604645_16,What are the differences in taste and caffeine concentration between regular coffee and espresso as mentioned in the article?
4604645_16,Can you explain how the traditional Neapolitan flip coffee pot works in the brewing process?
4604645_16,What was the common coffee brewing method in the United States before the 1970s and how does it operate?
4604645_16,What are the reasons some coffee aficionados hold the electric percolator coffee in low esteem?
4604645_16,How is Indian filter coffee prepared according to the description in the article?
4604645_17,What is the main difference between the coffee preparation method prior to the 1970s and the pressure percolator?
4604645_17,How does Indian filter coffee differ in preparation compared to regular drip brew?
4604645_17,What role does chicory play in the Indian filter coffee process?
4604645_17,"How long does cold brew coffee need to steep, and how is it prepared for drinking afterwards?"
4604645_17,What is the maximum storage duration for the cold brew coffee concentrate in a refrigerated container?
4604645_18,What is the reason that coffee brewed with chicory is more potent than regular drip coffee?
4604645_18,How long should cold brew coffee steep for before it is filtered?
4604645_18,What is the recommended ratio of cold brew concentrate to water for a bolder taste?
4604645_18,What is one advantage of cold brew coffee for people with sensitive stomachs?
4604645_18,What is the difference between cold brew coffee and cold drip coffee in terms of preparation?
4604645_19,What characteristics make cold press coffee preferred by those with sensitive stomachs?
4604645_19,How does the amount of coffee used in a typical drip-brewing method affect flavor and strength?
4604645_19,What is the difference in preparation time between cold press and cold drip coffee methods?
4604645_19,How is espresso prepared in terms of temperature and pressure?
4604645_19,What role does crema play in the flavor of espresso?
4604645_20,What is the primary difference between a Cold Drip process and a cold press in terms of preparation time?
4604645_20,At what temperature is hot water forced through the coffee when making espresso?
4604645_20,What kind of beverage is served in demitasse cups and how much is typically contained?
4604645_20,How does the brewing process of a moka pot differ from that of espresso?
4604645_20,"What is the function of the crema in espresso, and what does it contribute to the drink?"
4604645_21,What is the design and function of a moka pot in coffee preparation?
4604645_21,How does the brewing process of single-serving coffee machines differ from traditional methods?
4604645_21,What is the primary difference in taste between coffee prepared with an AeroPress and an espresso?
4604645_21,What are the key factors that determine the proper brewing of coffee?
4604645_21,How does the SCAA define the composition of water for coffee brewing?
4604645_22,What is the method of coffee preparation mentioned in the article that involves manually pressing a piston?
4604645_22,How long does the coffee preparation method take to brew a single cup?
4604645_22,What factors determine the correct extraction of coffee during brewing?
4604645_22,What does the article mean by the term 'Brew ratio'?
4604645_22,How is strength defined in the context of coffee brewing according to the excerpt?
4604645_23,What is the meaning of 'strength' in coffee preparation as defined in the article?
4604645_23,How is the brew ratio calculated according to the coffee article?
4604645_23,"What does the ideal yield for brewed coffee refer to, and what are its acceptable percentages?"
4604645_23,Can you explain the difference in 'ideal strength' for brewed coffee between American and Norwegian standards?
4604645_23,"How do Brewing Control Charts function in relation to brewing coffee, as described in the excerpt?"
4604645_24,What is the ideal yield percentage for brewed coffee according to the article?
4604645_24,How does the ideal strength for American brewed coffee differ from Norwegian standards?
4604645_24,What brewing ratio is recommended for American coffee preparation?
4604645_24,How does espresso differ in strength and preparation compared to regular brewed coffee?
4604645_24,What is the general composition of instant coffee as described in the article?
4604645_25,What is the caffeine content of espresso compared to normal coffee?
4604645_25,How does the strength of dark roast coffee compare to medium roasts?
4604645_25,What are the different brewing methods mentioned in the coffee article?
4604645_25,How is instant coffee prepared commercially?
4604645_25,What is the difference between a lungo and an Americano?
4604645_26,What is the typical coffee-to-water ratio for making espresso?
4604645_26,How does Ristretto differ from traditional espresso in terms of ratio?
4604645_26,What are the main differences between a Bica and a Lungo?
4604645_26,How is an Americano made and how does it compare to drip coffee?
4604645_26,What is Caffè breve and how does it differ from a standard latte?
4604645_27,What is the difference between Americano and Long Black coffee?
4604645_27,How is a Caffè Breve prepared compared to a standard latte?
4604645_27,What are the traditional components of a Caffè Latte?
4604645_27,What variations exist for a Caffè Macchiato?
4604645_27,How does the milk texture affect the strength of a Latte compared to a Cappuccino?
4604645_28,What is the main difference between a latte and a cappuccino in terms of milk content?
4604645_28,How is a traditional caffè macchiato prepared and what distinguishes it from a 'long' macchiato?
4604645_28,"What is a flat white, and how does it differ from other espresso-based drinks?"
4604645_28,Can you explain what a mocha is and how it relates to a latte?
4604645_28,What are the characteristics of a cortado compared to a macchiato?
4604645_29,What is the definition of a flat white and how is it typically served?
4604645_29,Can you explain what a galão is and its preparation style?
4604645_29,What distinguishes a latte macchiato from a caffè macchiato?
4604645_29,How does café con leche differ from a traditional latte?
4604645_29,What are the characteristics of kopi tubruk and where is it popular?
4604645_30,What are the different methods of preparing black coffee according to the article?
4604645_30,How is white coffee defined and how is it typically consumed in the United States?
4604645_30,Can you explain the difference between café au lait and latte based on the preparation methods mentioned?
4604645_30,"What distinguishes kopi tubruk from Turkish coffee, and where is it popular?"
4604645_30,How is Indian filter coffee prepared according to the content in the excerpt?
4604645_31,What type of coffee beans are commonly used in Indian filter coffee?
4604645_31,How is Greek coffee different from Turkish coffee in terms of preparation?
4604645_31,What is the typical serving method for Indochinese-style coffee?
4604645_31,What distinguishes a Red Eye from a Black Eye coffee?
4604645_31,What are some common flavour additives used in flavoured coffees?
4604645_32,What is the method of coffee preparation mentioned in the article and how does it affect the brew strength?
4604645_32,What are the differences between a Red Eye and a Black Eye coffee?
4604645_32,What are some common flavorings used in flavored coffees as mentioned in the article?
4604645_32,How is traditional Turkish coffee different from regular coffee in terms of serving and preparation?
4604645_32,"What role does chicory play in coffee, and where is it particularly popular as an additive?"
4604645_33,What size are traditional Turkish coffee cups compared to espresso cups?
4604645_33,How is the sweetness achieved in traditional Turkish coffee preparation?
4604645_33,What is the customary accompaniment served with Turkish coffee?
4604645_33,"What role does chicory play in coffee, particularly in Café du Monde?"
4604645_33,"Can you name some variants of coffee that include alcohol, specifically mentioning the spirits used?"
4604645_34,What are some examples of coffee drinks that include alcoholic spirits or liqueurs according to the article?
4604645_34,Can you explain how iced coffee is prepared and how it differs from other coffee drinks mentioned?
4604645_34,What is the origin of the frappé coffee drink and how was it first created?
4604645_34,What distinguishes iced coffee in Australia from the iced coffee described in the other sections?
4604645_34,How is a frappé made and what unique feature does it have during preparation?
4604645_35,What is the main ingredient used to prepare a frappé coffee in Greece?
4604645_35,How was the frappé coffee created and in which year?
4604645_35,What distinguishes a Frappuccino from regular iced coffee?
4604645_35,What are the typical components of Thai iced coffee?
4604645_35,Can you describe how Igloo Espresso is served and its preparation method?
4604645_36,Who originally developed the Frappuccino and what is its connection to Starbucks?
4604645_36,What is the main ingredient in Thai iced coffee and where is it commonly sold?
4604645_36,Can you explain what an Igloo Espresso is and where this drink originated?
4604645_36,How is cold brew coffee prepared and what is a commercial example of it?
4604645_36,What is an Affogato and how is it typically served to enhance the experience?
4604645_37,What is the process of cold brew coffee and how long does it take to brew?
4604645_37,What is affogato and how is it typically served?
4604645_37,How do chocolate-covered roasted coffee beans compare to brewed coffee in terms of caffeine delivery?
4604645_37,What potential issue arises when pouring espresso over ice and why?
4604645_37,Can you mention a common commercial example of cold brew coffee preparation?
215424_0,What process is used to manufacture instant coffee solids?
215424_0,When and where was instant coffee first invented?
215424_0,What are some advantages of instant coffee compared to ground coffee?
215424_0,How does instant coffee's environmental footprint compare to other coffee types?
215424_0,What was the name of the concentrated coffee mixture produced for the Union army during the Civil War?
215424_1,What are some advantages of instant coffee compared to ground coffee?
215424_1,Can you tell me about the historical development of instant coffee?
215424_1,What was the market value of the global instant coffee market in 2026?
215424_1,Who is credited with the invention of powdered soluble instant coffee?
215424_1,What significant advancement did Nestlé make in instant coffee production in 1938?
215424_2,Who is credited with the invention of the first commercial instant coffee?
215424_2,What significant advancement did Nestlé achieve in the production of instant coffee in 1938?
215424_2,How did the instant coffee product by General Foods differ from earlier versions?
215424_2,What role did Nescafé instant coffee play during the Second World War?
215424_2,Which scientist introduced the powdered substance of instant coffee at the Pan-American Exposition in 1901?
215424_3,Who developed the Nestlé instant coffee product?
215424_3,What percentage of the Nestlé instant coffee product is made up of soluble coffee solids?
215424_3,In which year was the first freeze-dried instant coffee launched?
215424_3,What method did General Foods use in the 1950s for their instant coffee product?
215424_3,What is one way to enhance the flavor of instant coffee mentioned in the article?
215424_4,What was the first brand to launch freeze-dried instant coffee and in what year did this occur?
215424_4,Can you explain how the flavor of instant coffee was improved in the 1960s?
215424_4,What is the market share of instant coffee in the Asia-Pacific region as of 2025?
215424_4,In which countries is instant coffee commonly mixed with hot milk instead of water?
215424_4,"What percentage of coffee sold in the UK is represented by instant coffee, and what historical context contributed to this figure?"
215424_5,What are the common countries where instant coffee is mixed with hot milk instead of water?
215424_5,Can you provide statistics on the global instant coffee market shares by region?
215424_5,"What was the percentage of instant coffee sold in the UK, and why was it so high?"
215424_5,How is instant coffee utilized in non-beverage applications?
215424_5,What is the caffeine content comparison between instant coffee and brewed coffee?
215424_6,What is the typical caffeine content in a cup of regular instant coffee compared to brewed coffee?
215424_6,How is the polyphenol content in a cup of instant coffee different from that in brewed coffee?
215424_6,What temperature and duration are required for roasting green coffee beans used in instant coffee production?
215424_6,What are the main methods used in the extraction process of instant coffee?
215424_6,What is the byproduct of the instant coffee production process and how can it be utilized?
215424_7,What is the temperature range used to roast green coffee beans during the production of instant coffee?
215424_7,How are spent coffee grounds utilized in the production process of instant coffee?
215424_7,What methods are used to extract instant coffee from brewed coffee?
215424_7,Why is freeze drying considered more expensive than spray drying in the production of instant coffee?
215424_7,What happens during the decaffeination process for instant coffee beans?
215424_8,What is the basic principle of freeze drying as described in the article?
215424_8,How does freeze drying compare to spray drying in terms of production cost and scale?
215424_8,"What is the process involved in making freeze-dried instant coffee, according to the excerpt?"
215424_8,"What size are the particles produced by the spray drying process, and why must they be further processed?"
215424_8,What factors affect the drying time in the spray drying process?
215424_9,What process must instant coffee undergo before it can be used directly in beverages?
215424_9,What size and density are the particles produced through the steam-fusion process of instant coffee?
215424_9,How does instant coffee affect intestinal iron absorption compared to drip coffee?
215424_9,What are the effects of consuming instant coffee one hour before or after a meal on iron absorption?
215424_9,What regulations are in place in the European Union regarding instant coffee production?
215424_10,How does the absorption of iron from instant coffee compare to that from drip coffee when consumed with a meal?
215424_10,What happens to iron absorption when the strength of instant coffee is doubled?
215424_10,Is there any effect on iron absorption when instant coffee is consumed an hour before a meal?
215424_10,What specific regulations does the European Union impose on instant coffee?
215424_10,Which institutions are responsible for governing the coffee industry and ensuring standardization?
273707_0,What is the process of making drip coffee as described in the article?
273707_0,Who invented commercial paper coffee filters and in what year?
273707_0,How did the introduction of drip coffee makers in the 1970s affect the use of coffee percolators?
273707_0,What are the main benefits of using paper filters for drip coffee?
273707_0,What are the characteristics of coffee brewed with paper filters compared to other methods?
273707_1,What were the main reasons drip brew coffee makers replaced percolators in the 1970s?
273707_1,What is one advantage of using paper filters for coffee brewing?
273707_1,How do permanent filters differ from paper filters in terms of environmental impact?
273707_1,What characteristics can be expected from coffee brewed with a paper filter compared to other types of filters?
273707_1,Can you give examples of regions where filter coffee is an important cultural element?
273707_2,What type of filters are mentioned as not removing certain components in drip coffee preparation?
273707_2,Why is the coffee at the bottom of the carafe typically stronger than that at the top?
273707_2,"What is Kaapi, and how is it related to South Indian coffee culture?"
273707_2,Can you describe the pour-over method of making specialty drip coffee?
273707_2,What preliminary step is taken in the pour-over coffee preparation method to enhance the flavor?
273707_3,What is the basic concept of manual pour-over coffee preparation described in the article?
273707_3,How does the technique of the user influence the quality of pour-over coffee?
273707_3,What is the purpose of pre-wetting the paper filter before adding coffee grounds?
273707_3,How does the speed of water pouring affect the flavor of the brewed coffee?
273707_3,What are some features of manual drip-brewing devices mentioned in the excerpt?
273707_4,What is the purpose of blooming in the drip coffee process?
273707_4,How does the speed of water pouring affect the consistency and taste of the coffee?
273707_4,What advantages do manual drip-brewing devices have over automatic machines?
273707_4,Can you provide an example of a portable drip brew maker suitable for backcountry camping?
273707_4,Who was responsible for the invention of the Cafetière du Belloy and what is its significance?
273707_5,What are the notable advancements in filter systems for drip coffee mentioned in the excerpt?
273707_5,Can you provide a brief history of the Bavarian coffee pot according to the content?
273707_5,What distinguishes a Cafetière du Belloy from other manual drip coffee makers?
273707_5,What materials were used to make the original and later versions of a Cafetière du Belloy?
273707_5,How does the French drip coffee pot differ from earlier coffee making methods like the coffee biggins?
273707_6,What materials were used to make the original cafetière du Belloy coffee pot?
273707_6,How did the design of Madam Blå coffee pots differ from French drip pots?
273707_6,What are the main features of the Drip-O-lator coffee pot and when was it patented?
273707_6,How did Melitta's Kaffeefiltriermaschine change the brewing process compared to earlier French drip pots?
273707_6,What is the common method for producing Indian filter coffee in south India?
273707_7,What is the historical significance of the Drip-O-lator coffee pot and when was it patented?
273707_7,How does the German Kaffeefiltriermaschine differ from traditional French drip coffee pots?
273707_7,What is the common brewing method for Indian filter coffee using stainless steel filters?
273707_7,Can you describe the unique features of the Karlsbad coffee makers compared to other French drip coffee pots?
273707_7,What distinguishes System Büttner coffee makers from other coffee maker designs mentioned in the excerpt?
273707_8,What are Karlsbad-style coffee makers and how do they differ from French drip coffee pots?
273707_8,Who invented the System Büttner coffee makers and what is their unique feature?
273707_8,When did electrical drip coffee makers first become common and what was one of the earliest models?
273707_8,What is the special kind of coffee produced by Karlsbad coffee makers called?
273707_8,How did the popularity of electrical drip coffee makers impact manual drip coffee preparation methods?
273707_9,What mechanism allows combining steeping with drip-brewing in drip coffee makers?
273707_9,Who invented the drip coffee maker and in what year?
273707_9,Which electric drip coffee maker was one of the first and who patented it?
273707_9,How does the water move through the electrical drip coffee maker?
273707_9,What function does the one-way valve serve in the tubing of drip coffee makers?
273707_10,What materials are typically used in the construction of drip coffee machines according to the excerpt?
273707_10,Can you explain how water is moved through the drip coffee machine?
273707_10,What features can be found in modern drip coffeemakers that were developed throughout the 20th century?
273707_10,How does the thermostat function in a drip coffee machine?
273707_10,What benefits does using a metal with superior heat transfer qualities provide in the context of drip coffee brewing?
273707_11,What advancements have been made in the design of coffeemakers during the latter part of the 20th century?
273707_11,How does the material of the heating chamber affect coffee brewing?
273707_11,What features have been added to modern drip coffee makers beyond the basic brewing process?
273707_11,Why are larger heating chambers preferred in drip coffee makers?
273707_11,What is the significance of changing aluminium heating chambers to materials like copper?
273700_0,What are the different names used for a French press in various English-speaking countries?
273700_0,Who invented the first drip-press coffee brewing device and in what year?
273700_0,What notable modification was introduced to the coffee press design in 1928?
273700_0,Which two Frenchmen patented a forerunner of the French press in 1852?
273700_0,What was the purpose of the spring introduced by the Milanese designers in their 1928 coffee press design?
273700_1,What were the early designs of the French press like before its modern version?
273700_1,Who were the inventors that patented the first forerunner of the French press in 1852?
273700_1,What modifications did Giulio Moneta and Attilio Calimani make to the French press in 1928?
273700_1,How does the brewing process of coffee using a French press work?
273700_1,What is the recommended temperature and coffee-to-water ratio for brewing with a French press?
273700_2,What companies contributed to the popularization of the French press?
273700_2,What is the recommended water temperature range for brewing coffee in a French press?
273700_2,How much coarsely ground coffee should be used with 500 ml of water in a French press?
273700_2,What texture should coffee grounds have for optimal brewing in a French press?
273700_2,Why is it suggested to plunge slowly when using a French press?
273700_3,What problems can arise from using finer coffee grounds in a French press?
273700_3,What is the recommended brewing time for the French press method?
273700_3,How can I prevent my coffee from becoming bitter when using a French press?
273700_3,"What are some variations of the French press, particularly for travel?"
273700_3,How does the 'French pull' or 'reverse French press' method differ from the traditional French press?
273700_4,What are some portable variations of the French press mentioned in the article?
273700_4,How does the 'reverse French press' differ from a traditional French press?
273700_4,What might happen to tea if it remains in the French press after steeping?
273700_4,"Can a French press be used to make cold brew coffee, and if so, how?"
273700_4,"What is an all-in-one French press, and what power source does it use?"
273700_5,What is the difference between a French press and an American press in terms of how coffee is brewed?
273700_5,"Can a French press be used to brew loose tea, and what should be done after the plunger is depressed to avoid bitterness?"
273700_5,Why is it important to clean a French press thoroughly if it is used for both tea and coffee?
273700_5,"What types of tea are not suitable for brewing with a French press, according to the article?"
273700_5,"Aside from brewing coffee and tea, what is another use for a French press mentioned in the article?"
273700_6,What cleaning method is recommended for a French press to avoid spoiling flavors?
273700_6,Is the French press suitable for brewing masala chai according to the article?
273700_6,What type of teas is the French press most suitable for as mentioned in the article?
273700_6,Can a French press be used for purposes other than coffee according to the excerpt?
273700_6,What are some of the referenced studies related to coffee brewing methods?
32555171_0,"What is the process of making cold brew coffee, and how long does it take?"
32555171_0,How is the taste of cold brew coffee different from that of traditional hot brewed coffee?
32555171_0,What historical significance does cold brew coffee have in Japan?
32555171_0,Can you explain what nitro cold brew coffee is and how it is served?
32555171_0,What are the key factors influencing the flavor profile of cold brew coffee compared to hot brew?
32555171_1,How does cold brew coffee differ in chemical composition compared to conventional brewing methods?
32555171_1,What is the process for making nitro cold brew coffee after producing cold brew?
32555171_1,In what way does the acidity of cold brew coffee compare to hot brew coffee?
32555171_1,What notable change occurs to the caffeine content when brewing cold brew for 24 hours instead of using hot water?
32555171_1,Which coffee shops are credited with the first offerings of nitro cold brew in the early 2010s?
32555171_2,What is the process involved in making cold brew coffee and how is it served?
32555171_2,When was nitro cold brew coffee first offered at third wave coffee shops?
32555171_2,What coffee houses are credited with the possible origins of nitro cold brew?
32555171_2,What notable achievements did Cuvee Coffee accomplish in relation to nitro cold brew?
32555171_2,How has Starbucks contributed to the popularity of nitro cold brew since its introduction?
32555171_3,What company was the first to can cold brew coffee in widget cans?
32555171_3,Which brand was recognized for Best Packaging Innovation in cold brew coffee?
32555171_3,When did Starbucks introduce nitro cold brew to its stores?
32555171_3,How many kegs a day can RISE Brewing Co. fill with nitro cold brew?
32555171_3,Which company originated the nitrogen-filled capsule for pressurized canned cold brew beverages?
5964683_0,What is the moka pot and how does it brew coffee?
5964683_0,Who popularized the moka pot and in what year did it gain prominence?
5964683_0,In which regions of the world is the moka pot most commonly used today?
5964683_0,"What materials are typically used to make moka pots, and what are some design variations?"
5964683_0,What are the three major components of a moka pot and their functions?
5964683_1,What are the three major components of a typical moka pot?
5964683_1,How do you assemble a moka pot before brewing coffee?
5964683_1,What is the purpose of the rubber gasket in a moka pot?
5964683_1,How does packing the coffee in the filter affect the brewing process?
5964683_1,"Can moka pots be used on induction cooktops, and if so, which materials are suitable?"
5964683_2,What role does the upper filter disc play in a moka pot?
5964683_2,How does the packing of coffee grounds affect the brewing process?
5964683_2,What indicates that brewing in a moka pot should be stopped?
5964683_2,How does the moka pot differ from a standard percolator?
5964683_2,What factors influence the flavor of coffee brewed in a moka pot?
5964683_3,"What is the brewing noise produced by the moka pot, and what does it indicate about the brewing process?"
5964683_3,How does the pressure used in moka pot brewing compare to that of standard espresso machines?
5964683_3,What factors significantly influence the flavor of coffee brewed in a moka pot?
5964683_3,What maintenance tasks are necessary to keep a moka pot in good working condition?
5964683_3,What is the typical caffeine content range for coffee brewed with a moka pot?
5964683_4,What is the difference in pressure between moka coffee and espresso coffee?
5964683_4,What is the typical coffee to water ratio used in a moka pot?
5964683_4,What is the caffeine content range of moka coffee per 100mL?
5964683_4,How should a moka pot be maintained to ensure proper functioning?
5964683_4,What were the historical developments related to the moka pot in the 19th century?
5964683_5,What is the risk of aluminium migration when using a Moka pot for brewing coffee?
5964683_5,How did the design of the coffee brewing machine evolve over the years?
5964683_5,What year was the Moka Express first marketed by Alfonso Bialetti?
5964683_5,Why is dishwasher cleaning discouraged for Moka pots?
5964683_5,What innovation in coffee brewing did Samuel Parker contribute to in 1833?
5964683_6,"What coffee brewing method was patented by Samuel Parker in 1833, and how does it work?"
5964683_6,Can you explain the significance of Alfonso Bialetti in the history of the Moka pot?
5964683_6,What marketing strategies did Renato Bialetti employ to popularize the Moka Express in the 1940s?
5964683_6,What are some variations of the moka pot design that have been introduced since the 1930s?
5964683_6,"What is the purpose of the Cremavent valve added to some moka pots, and how does it affect brewing?"
5964683_7,What year did Bialetti Industries apply for a patent for the Moka Express?
5964683_7,How does the Cremavent valve in the moka pot work to expedite brewing?
5964683_7,What is a notable feature of the Bialetti Mukka Express moka pot?
5964683_7,How is the brewing method of the moka pot different from that of standard espresso machines?
5964683_7,What size of coffee does a standard moka pot produce per demitasse cup?
5964683_8,What is the significance of brewing coffee at a higher pressure and temperature in a Moka pot?
5964683_8,Can you explain how the Bialetti Mukka Express differs from a standard Moka pot?
5964683_8,What is the typical volume measurement for one demitasse cup produced by Moka pots?
5964683_8,What are some other coffee brewing methods mentioned in the article?
5964683_8,Where can I find more information or resources about Moka pots and coffee?
269496_0,What is the main difference between a caffè latte and a cappuccino in terms of serving size and foam?
269496_0,Can you explain what microfoam is and how it relates to the preparation of a caffè latte?
269496_0,How has the cultural approach to drinking lattes in Italy differed from that in the United States?
269496_0,"What does the term 'caffè latte' literally translate to from Italian, and how has its meaning changed in English?"
269496_0,"When was the term caffè latte first attested in English, and what was the context of its use?"
269496_1,What changes in microfoam affect the taste and feel of a latte?
269496_1,How is a latte macchiato different from a traditional latte?
269496_1,Why are milky coffee drinks typically consumed for breakfast in Italy?
269496_1,"What does the word 'latte' mean in Italian, and how does its meaning differ when ordering in Italy?"
269496_1,What historical developments led to the modern caffè latte we know today?
36956_0,What is the typical composition of a cappuccino?
36956_0,How does a cappuccino differ in volume compared to a caffè latte?
36956_0,What historical significance does the name 'Kapuziner' have in relation to cappuccino?
36956_0,What are some common variations of cappuccino mentioned in the article?
36956_0,When is cappuccino believed to have been documented in central Italy?
36956_1,What is the composition of a traditional cappuccino as served in Europe?
36956_1,How does the size of a cappuccino served in commercial chains in the US differ from one in Italy?
36956_1,What defines a cappuccino according to the World Barista Championships rules?
36956_1,What is the historical significance of the Kapuziner in relation to the cappuccino?
36956_1,When was the cappuccino documented in central Italy?
36956_2,What is the typical size of a cappuccino served in US coffee chains?
36956_2,How does the traditional Italian cappuccino differ from the American version?
36956_2,What are the main ingredients required to make a cappuccino according to the World Barista Championships?
36956_2,What is the origin of the name 'cappuccino'?
36956_2,How has the preparation and consumption of coffee evolved in Europe since the 18th century?
36956_3,What is the proper foam depth for a cappuccino?
36956_3,How much total volume does a cappuccino typically have?
36956_3,What is the origin of the name 'cappuccino'?
36956_3,Which coffee preparation method did Europeans adopt in the 18th century?
36956_3,When did the use of fresh milk in coffee become common in cafés?
36956_4,What is the origin of the name Kapuziner in relation to coffee?
36956_4,How did the use of cream in coffee evolve over the years?
36956_4,When was cappuccino first mentioned in Italian?
36956_4,What differences exist between Kapuziner and modern cappuccino?
36956_4,How did espresso machines impact coffee preparation in the 20th century?
36956_5,What is the historical origin of cappuccino as described in Italian literature?
36956_5,How did the introduction of espresso machines impact the development of cappuccino?
36956_5,Can you explain the differences between the Kapuziner and modern cappuccino?
36956_5,What factors contributed to the popularity of cappuccino in the United Kingdom?
36956_5,What is the traditional consumption time for cappuccino in Italy?
36956_6,What influence did British customs have on the cappuccino?
36956_6,Which cafes claim to have introduced cappuccino to the United States?
36956_6,Why do Italians typically avoid drinking cappuccino after breakfast?
36956_6,What percentage of American adults reported consuming a specialty coffee beverage as of 2024?
36956_6,What is the traditional serving size for a cappuccino in milliliters?
36956_7,What is the traditional time frame for consuming cappuccino in Italy?
36956_7,"What are the primary ingredients in a traditional cappuccino, and what are their proportions?"
36956_7,Why is espresso favored over cappuccino after meals in Italy?
36956_7,What milk temperature do professional baristas recommend for steaming milk in cappuccinos?
36956_7,How did the popularity of cappuccino in North America change in the late 1990s and early 2000s?
36956_8,What is the traditional preparation method for cappuccino according to the article?
36956_8,What is the temperature range recommended for steaming milk for cappuccinos?
36956_8,What is the difference between traditional Italian cappuccino and freddo cappuccino?
36956_8,How is the cold milk foam for a freddo cappuccino created?
36956_8,What toppings are commonly used for a traditional Italian cappuccino?
36956_9,What is the main difference in preparation between a freddo cappuccino and a traditional cappuccino?
36956_9,What unique ingredient is used to create the foam for a freddo cappuccino?
36956_9,When and where did the freddo cappuccino originate?
36956_9,How does the freddo cappuccino differ in demand based on the season?
36956_9,"Which major coffee chain included cappuccino freddo in its menu, and in what year?"
36956_10,What is cappuccino freddo and how is it prepared?
36956_10,In which year did Starbucks add cappuccino freddo to its menus in Europe?
36956_10,What ingredients are used to make a cappuccino freddo?
36956_10,Can you list some drinks that are similar to cappuccino?
36956_10,What distinguishes a flat white from a cappuccino?
36956_11,What is the difference between a cappuccino and a latte in terms of milk texture and serving size?
36956_11,Can you explain what a steamer drink is and its typical ingredients?
36956_11,How is latte art related to the preparation of a cappuccino?
36956_11,"What does 'flat' mean when referring to a cappuccino, and how does it affect the amount of foam?"
36956_11,Are there any common variations of a steamer drink in different countries?
27301828_0,What percentage of the world's coffee is produced by Brazil?
27301828_0,In which Brazilian states are coffee plantations mainly located?
27301828_0,Who planted the first coffee bush in Brazil and in what year?
27301828_0,What significant event in the coffee industry happened in the 1840s?
27301828_0,How did the demand for coffee in the early 19th century impact slavery in Brazil?
27301828_1,How did coffee initially spread from Pará to Rio de Janeiro in Brazil?
27301828_1,What significant changes in coffee production occurred in Brazil during the early 19th century?
27301828_1,What percentage of the world's coffee production did Brazil account for in the 1830s?
27301828_1,What demographic change occurred in the labor force of Brazilian coffee plantations after the foreign slave trade was outlawed?
27301828_1,What was the significance of the period referred to as café com leite in Brazilian politics?
27301828_2,What role did European immigrants play in Brazilian coffee production after the foreign slave trade was outlawed in 1850?
27301828_2,Can you explain the significance of the café com leite period in Brazilian politics and its relation to coffee production?
27301828_2,What protective measure did the Brazilian government implement to stabilize coffee prices during the second boom?
27301828_2,How did the coffee industry impact the population growth and industrial development of São Paulo in the late 19th and early 20th centuries?
27301828_2,What was the economic importance of coffee to Brazil's gross national product and export earnings by the early 20th century?
27301828_3,How did the growth of the coffee industry contribute to the development of São Paulo in the late 19th century?
27301828_3,What percentage of Brazil's gross national product was accounted for by coffee by the early 20th century?
27301828_3,Can you explain the Taubaté Agreement and its significance for São Paulo's political power?
27301828_3,What impact did the valorization scheme have on coffee prices and production expansion in Brazil?
27301828_3,How did Brazil's share of the international coffee market change from the 1920s to the 1960s?
27301828_4,What actions did the Brazilian government take to protect the coffee industry and local coffee elite during price decreases?
27301828_4,How did the valorization scheme impact the global coffee market during the Great Depression?
27301828_4,What percentage of the world's coffee did Brazil supply in the 1920s and what happened to its market share since then?
27301828_4,What role did slavery play in the growth of the coffee economy in Brazil near São Paulo?
27301828_4,How does the concept of 'second slavery' relate to the coffee production and capitalism in Brazil?
27301828_5,What geographical area in Brazil was the first coffee economy established?
27301828_5,How did slave labor influence the growth of the coffee industry in Brazil?
27301828_5,What is meant by the term 'second slavery' in the context of Brazilian coffee production?
27301828_5,How did the abolition of slavery in 1888 affect labor practices in the coffee industry in Brazil?
27301828_5,In what way did second slavery connect to the broader social and economic history of Brazil?
27301828_6,What historical perspective is used to explain the coffee industry in Brazil today?
27301828_6,How did the abolition of slavery affect labor practices in Brazil's coffee industry?
27301828_6,In what ways did second slavery contribute to Brazil's status as an industrializing nation?
27301828_6,What connection does Erik Mathisen make between second slavery and capitalism?
27301828_6,How does the social history of Brazil relate to its labor practices in the coffee sector?
27301828_7,What did Mathisen say about the production of Brazilian coffee and its connection to labor techniques?
27301828_7,How did the history of slavery influence the coffee landscape in Brazil?
27301828_7,In what ways did capitalism affect the Brazilian coffee industry compared to sugar and cotton?
27301828_7,What key factors contributed to the prominence of coffee in 19th-century Brazil?
27301828_7,Why were historians generally uninterested in the coffee industry before the 1960s?
27301828_8,What were the main factors that influenced coffee production in 19th-century Brazil?
27301828_8,Why did historians initially overlook the coffee industry before the 1960s?
27301828_8,What is the significance of the Coffee Front in relation to Brazil's coffee production?
27301828_8,How did the coffee plantations after independence relate to societal issues like slavery and political oligarchy?
27301828_8,What consumer trend in the 1990s affected the International Coffee Agreement and its export quotas?
27301828_9,What historical factors contributed to Brazil's fluctuating coffee production during the colonial period?
27301828_9,How did the coffee plantations in Brazil relate to slavery and political systems after independence?
27301828_9,What major changes occurred in the coffee market due to consumer preferences in the 1990s?
27301828_9,How did Brazil respond to demands for higher coffee quality in the late 1980s?
27301828_9,What was the impact of the breakdown of the International Coffee Agreement on Brazil's coffee industry?
27301828_10,What was Brazil's stance on reducing coffee quotas according to the article?
27301828_10,How did the United States influence the demand for coffee quality?
27301828_10,What led to the breakdown of the coffee agreement in 1989?
27301828_10,Which six Brazilian states have the largest acreage for coffee production?
27301828_10,How has Brazil's position in coffee production changed since the 1950s?
27301828_11,What are the six Brazilian states with the largest acreage for coffee production?
27301828_11,How long has Brazil been the world's largest producer of coffee?
27301828_11,What percentage of the world's coffee does Brazil currently produce?
27301828_11,How many coffee farms are involved in Brazil's coffee industry?
27301828_11,What is the main coffee processing method used in Brazil?
27301828_12,What percentage of coffee production in Brazil is attributed to arabica beans?
27301828_12,What are the primary states in Brazil where coffee plantations are located?
27301828_12,Which coffee processing method is predominantly used in Brazil?
27301828_12,How long do the coffee berries typically dry in the sun before they are hulled?
27301828_12,What is the role of Minas Gerais in Brazil's coffee production?
27301828_13,What species primarily account for coffee production in Brazil and what are their respective percentages?
27301828_13,Which Brazilian state is known for producing the majority of arabica coffee?
27301828_13,What is the impact of black frost on coffee trees and how quickly can they recover?
27301828_13,When did the devastating black frost occur in Brazil and what were its effects on the subsequent coffee harvests?
27301828_13,How do frost events influence the global coffee market due to Brazil's production share?
27301828_14,"What is the impact of black frosts on coffee production in Brazil, particularly regarding the long-term consequences for the trees?"
27301828_14,"How often do severe frosts like black frosts affect Brazil's coffee market, and what has been the historical frequency?"
27301828_14,What was the effect of the black frost of 1975 on coffee prices and harvests in Brazil?
27301828_14,How does the processing industry for coffee differ between ground/roasted coffee and instant coffee in terms of market concentration?
27301828_14,Why is Brazil's position as a coffee exporter significant in the context of global coffee prices and market volatility?
27301828_15,What significant event in coffee production occurred in August 1977?
27301828_15,How did the frosts in 1994 affect coffee harvests and prices?
27301828_15,What is the difference in market competition between ground/roasted coffee and instant coffee?
27301828_15,What percentage of total coffee exports does instant coffee represent in Brazil?
27301828_15,What trends have been observed in coffee exports from Brazil over the last 50 years?
27301828_16,"What was the peak percentage of Brazil's coffee exports as part of total exports, and in which year did it occur?"
27301828_16,How did the percentage of coffee exports change from the 1960s to 2006?
27301828_16,What role does Brazil play in global coffee consumption compared to the United States?
27301828_16,What are the tax rates for importing different types of coffee into Brazil?
27301828_16,Which countries can import unprocessed coffee from Brazil duty-free?
13078827_0,What is the reputation of Colombian coffee beans regarding their flavor profile?
13078827_0,Which countries are the main export destinations for Colombian coffee?
13078827_0,What designation was granted to Colombian coffee by the European Union in 2007?
13078827_0,What significant recognition did UNESCO give to the Coffee Cultural Landscape of Colombia?
13078827_0,Who was José Gumilla and what is his contribution to the history of coffee in Colombia?
13078827_1,What significant event in coffee production occurred in Colombia in 1808?
13078827_1,Who is credited with influencing coffee cultivation in northeast Colombia?
13078827_1,When did the exportation of Colombian coffee become consolidated?
13078827_1,Which countries were the main markets for Colombian coffee during its early exportation?
13078827_1,What challenges did Colombian landowners face in the export of agricultural commodities during the mid-19th century?
13078827_2,What major event in the late 19th century allowed Colombian landowners to expand coffee production for export?
13078827_2,Which countries became the primary consumers of Colombian coffee during the late 19th century?
13078827_2,What were some of the initial agricultural exports from Colombia before coffee became prominent?
13078827_2,How did the fall of international prices affect Colombian coffee estates transitioning into the 20th century?
13078827_2,What war impacted the ability of large landowners to maintain their coffee plantations in Colombia?
13078827_3,What significant change occurred in the Colombian coffee industry due to the crisis affecting large estates?
13078827_3,How did the fall of international coffee prices impact the profitability of large coffee estates in Colombia?
13078827_3,What regions in Colombia saw the growth of small coffee producers after 1875?
13078827_3,Which departments in Colombia were primarily involved in the new coffee export model during the early 20th century?
13078827_3,What factors contributed to the favorable conditions for small coffee estate owners in Colombia during this period?
13078827_4,What significant changes occurred in the Colombian coffee industry starting in 1875?
13078827_4,Which regions in Colombia saw the growth of small coffee producers in the late 19th century?
13078827_4,What was the impact of the new coffee export model on the Colombian rural economy in the early 20th century?
13078827_4,How did the cultivation of coffee compare to traditional agriculture methods for local farmers?
13078827_4,What key milestones in coffee exports did Colombia achieve from 1913 to 1953?
13078827_5,What farming method did traditional agriculture in Colombia use before coffee production became prominent?
13078827_5,How did coffee cultivation impact the use of land for local farmers in Colombia?
13078827_5,What was Colombia's rank in global coffee production by 1930?
13078827_5,How did the creation of the Federación Nacional de Cafeteros de Colombia in 1927 benefit local farmers?
13078827_5,What role did Cenicafé play in improving coffee cultivation in Colombia?
13078827_6,What was the role of the Federación Nacional de Cafeteros de Colombia in the coffee industry between 1905 and 1935?
13078827_6,How did research at Cenicafé and the Federation's agricultural Extension Service contribute to coffee quality in Colombia?
13078827_6,What were the reported effects of climate change on Colombian coffee production between 2006 and 2010?
13078827_6,What specific climatic changes occurred in Colombia from 1980 to 2010 that affected coffee production?
13078827_6,What new threats to coffee plants have emerged due to rising temperatures and climate change?
13078827_7,"What caused the Colombian coffee production to decline from 2006 to 2010, and what were the production figures during that time?"
13078827_7,How did average temperatures and precipitation change in Colombia from 1980 to 2010 according to the article?
13078827_7,What specific threats have increased for coffee plants in Colombia due to climate change?
13078827_7,What adaptations have Colombian farmers implemented in response to the challenges posed by climate change?
13078827_7,"Which indigenous tribes are mentioned in connection with Colombian coffee production, and what historical role did they play?"
13078827_8,What adaptations have Colombian coffee farmers made in response to climate change?
13078827_8,Which indigenous tribes are known for coffee production in Colombia?
13078827_8,What is the size of the Colombian coffee growing axis and what are its departments?
13078827_8,How did the Arhuacos tribe participate in coffee production historically?
13078827_8,What recognition did the Colombian coffee growing axis receive from UNESCO?
13078827_9,What role did indigenous peoples play in coffee farming in Colombia according to the article?
13078827_9,"What regions make up the Colombian coffee growing axis, and what is its significance?"
13078827_9,Can you explain the main objectives of the National Federation of Coffee Growers of Colombia?
13078827_9,How does the National Federation of Coffee Growers of Colombia support coffee production?
13078827_9,What is the importance of the Juan Valdez marketing campaign for Colombian coffee?
13078827_10,What is the role of the National Federation of Coffee Growers of Colombia in promoting Colombian coffee?
13078827_10,How many coffee producers are represented by the National Federation?
13078827_10,What year was the Juan Valdez branding concept developed and why was it created?
13078827_10,What are the three main objectives of the National Federation of Coffee Growers of Colombia?
13078827_10,How does the National Federation support research and development in coffee production?
27264754_0,What is the historical significance of Ethiopia in coffee production?
27264754_0,How much coffee is Ethiopia projected to produce in the 2026/27 marketing year?
27264754_0,What were the export revenues generated from coffee in the 2024/25 marketing year in Ethiopia?
27264754_0,Who is credited with the discovery of the coffee plant in Ethiopia according to legend?
27264754_0,When did the first coffee house open in the United States?
27264754_1,What is the origin of the coffee plant according to the article?
27264754_1,What led to the establishment of the Ethiopia Commodity Exchange (ECX) in 2008?
27264754_1,How did the political regime in Ethiopia from 1974 to 1991 affect coffee farms?
27264754_1,What changes were made to the ECX trading rules beginning in 2017?
27264754_1,Why did specialty roasters criticize the initial pooling practice of coffee at the ECX?
27264754_2,What significant changes did the Ethiopian government implement in coffee production after 1991?
27264754_2,How did the establishment of the Ethiopia Commodity Exchange in 2008 impact coffee trade?
27264754_2,What were some criticisms of the pooling practice in the ECX regarding coffee sales?
27264754_2,What reforms were introduced in 2017 to improve traceability in the coffee value chain?
27264754_2,"How have these reforms affected the export channels for Ethiopian coffee, especially concerning specialty lots?"
27264754_3,What has improved the documentation for specialty coffee lots in Ethiopia?
27264754_3,Which markets are the largest importers of Ethiopian coffee?
27264754_3,How many small-scale farmers are involved in coffee production in Ethiopia?
27264754_3,What are the three main categories of Ethiopian coffee based on production methods?
27264754_3,How does Ethiopia rank in global coffee production and what is its domestic consumption level?
27264754_4,What is Ethiopia's rank in global coffee production as of 2022?
27264754_4,How much coffee do small-scale farmers in Ethiopia produce?
27264754_4,Which regions are the major markets for Ethiopian coffee exports?
27264754_4,What are the three main categories of Ethiopian coffee based on production methods?
27264754_4,What role does the Tea and Coffee Authority play in the coffee industry in Ethiopia?
27264754_5,What percentage of the annual government revenue in Ethiopia comes from coffee exports?
27264754_5,How does the Ethiopian government plan to reduce the coffee industry's share of the GDP?
27264754_5,What are the three categories of Ethiopian coffee beans mentioned in the article?
27264754_5,Which regional varieties of Ethiopian coffee beans are identified in the excerpt?
27264754_5,What are the cupping notes attributed to Sidamo coffee from the Sidamo region?
27264754_6,What are the distinguishing characteristics of shortberry coffee beans from Eastern Ethiopia?
27264754_6,Can you describe the flavor profile of the Mocha variety of coffee?
27264754_6,"What regions in Ethiopia are known for producing high-quality coffee, and how are they marketed?"
27264754_6,What flavor notes are typically associated with Sidamo coffee from the Ethiopian Highlands?
27264754_6,What makes Ethiopia Genika coffee unique compared to other African coffees?
27264754_7,What qualifies Ethiopian coffee beans as 'Strictly High Grown' (SHG)?
27264754_7,Can you describe the flavor notes commonly found in Sidamo coffee?
27264754_7,What are the unique characteristics of Ethiopia Genika coffee?
27264754_7,How is Harar coffee processed and what is its flavor profile?
27264754_7,Why is Kaffa coffee significant in the context of Arabica coffee plants?
27264754_8,What are the characteristics of Harar coffee beans mentioned in the article?
27264754_8,How is Kaffa coffee distinct in terms of its growth and origin?
27264754_8,What impact does climate change have on coffee production in Ethiopia according to the article?
27264754_8,How much is the mean annual temperature in Ethiopia projected to increase by 2060?
27264754_8,What measures are suggested to build resilience in Ethiopian coffee production against climate change?
27264754_9,What factors are causing the potential decrease in coffee yield in Ethiopia by up to 70%?
27264754_9,How might relocating coffee farms to higher elevations benefit Ethiopian coffee production?
27264754_9,What sustainable practices have Ethiopian farmers adopted to combat the effects of climate change on coffee production?
27264754_9,What are the climate-related challenges affecting major coffee-growing regions like Sidama and Yirgacheffe?
27264754_9,What action did Oxfam accuse Starbucks of taking regarding Ethiopia's coffee trademark application?
27264754_10,What sustainable practices have Ethiopian farmers adopted to deal with climate change in coffee production?
27264754_10,How do increasing temperatures and irregular rainfall affect coffee yields in Sidama and Yirgacheffe?
27264754_10,"What was Oxfam's accusation against Starbucks on October 26, 2006, regarding Ethiopian coffee?"
27264754_10,What were the potential financial implications for Ethiopian farmers if Starbucks blocked the trademark application for their coffee beans?
27264754_10,How did Starbucks respond to concerns raised by Oxfam and others about their impact on Ethiopian coffee farmers?
27264754_11,What annual earnings potential do Ethiopian coffee farmers have according to the article?
27264754_11,What specific brands of Ethiopian coffee are mentioned as generating high margins for Starbucks?
27264754_11,What concerns did the NCA raise regarding the economic impact on Ethiopian coffee farmers?
27264754_11,What action did Starbucks take in response to the letters of concern it received?
27264754_11,"What was the outcome of the agreement announced between Ethiopian representatives and Starbucks on June 20, 2007?"
27264754_12,What was the opinion of The Economist regarding Oxfam's stance on Ethiopian coffee production?
27264754_12,What agreement did representatives of the Ethiopian government and Starbucks reach on 20 June 2007?
27264754_12,How is Starbucks planning to promote Ethiopian coffee in 2008 according to the article?
27264754_12,What did an Oxfam spokesman say about the Starbucks agreement with Ethiopia?
27264754_12,What past issue did Oxfam reference regarding Starbucks' engagement with Ethiopian coffee farmers?
18272624_0,What year was coffee first introduced to Vietnam and by whom?
18272624_0,In which provinces were the first coffee plantations established in Vietnam?
18272624_0,What significant changes occurred in the coffee industry during the 1920s in Vietnam?
18272624_0,How did the Vietnam War impact coffee production in the Buôn Ma Thuột region?
18272624_0,What were the effects of the Đổi mới reforms on the Vietnamese coffee industry?
18272624_1,What was the estimated amount of coffee produced for export in Vietnam by 1940?
18272624_1,How did the Vietnam War affect coffee production in the Buôn Ma Thuột region?
18272624_1,What significant change occurred in the coffee industry in Vietnam after the Đổi mới reforms of 1986?
18272624_1,What percentage of Vietnam's total coffee output is Robusta coffee?
18272624_1,How have coffee farmers in Vietnam experienced price fluctuations since the 1980s?
18272624_2,What economic and social factors led to migration into the Central Highlands of Vietnam in the late 1970s?
18272624_2,"How much coffee did Vietnam export in 2023, and what percentage of its production is Robusta?"
18272624_2,What have been the historical challenges faced by coffee farmers in Vietnam since the 1980s?
18272624_2,How did the USDA's predictions for coffee production in 2018 compare with actual results?
18272624_2,What were the impacts on farming households when global coffee prices dropped in 2001?
18272624_3,What was the coffee production in Vietnam in 2017 and how did it compare to the USDA estimate?
18272624_3,What factors are contributing to the expected increase in Vietnam's coffee production in 2019?
18272624_3,How did the drop in global coffee prices in 2001 affect farming households in Vietnam?
18272624_3,What impact did the coffee boom of 2013–2014 have on local coffee export firms?
18272624_3,What is the projected coffee production for Vietnam in March 2025 and how does it compare to the previous season?
18272624_4,What were the consequences of the 2013-2014 coffee boom in Vietnam's coffee market?
18272624_4,How did the declining coffee prices impact children's education in Vietnam?
18272624_4,What is the projected coffee production in Vietnam for March 2025 and how does it compare to the previous season?
18272624_4,How has the rise of the Vietnamese coffee industry affected indigenous Montagnard peoples?
18272624_4,What are the environmental consequences of the rapid growth of the coffee industry in Vietnam?
18272624_5,"What role do indigenous Montagnard peoples play in the Vietnamese coffee industry, according to the article?"
18272624_5,How has the abolition of indigenous autonomous zones affected the coffee industry and its producers?
18272624_5,What environmental consequences are linked to the rapid growth of the coffee industry in Vietnam?
18272624_5,What can explain the lower household income of Ede farmers compared to Kinh farmers despite having larger farms?
18272624_5,What factors contribute to the exacerbation of social inequalities among coffee producers in Vietnam?
18272624_6,What are the key differences in household income between Kinh and Ede coffee farmers in Vietnam?
18272624_6,How does the use of family labor impact the lower household income of Ede farmers?
18272624_6,What strategies do Kinh households employ when faced with falling coffee prices?
18272624_6,Which communes were included in the study comparing Kinh and Ede smallholder coffee farmers?
18272624_6,How does the size of a farm relate to the financial outcomes for Ede and Kinh farmers?
18272624_7,What role does household income play in the hiring of labor for coffee cultivation in Vietnam?
18272624_7,How did Kinh households respond to falling coffee prices compared to Ede households?
18272624_7,What advantages do Ede households have regarding coffee cultivation despite the challenges they face?
18272624_7,What are the recommendations given by researchers regarding macro policies for coffee farmers?
18272624_7,How do migrant networks contribute to the resources available for coffee farmers in Vietnam?
18272624_8,What recommendations have been made regarding existing macro policies to support coffee farmers in Vietnam?
18272624_8,How do migrant networks aid coffee farmers in managing resources like labor and financial capital?
18272624_8,What are some of the disparities faced by Kinh farmers compared to their ethnic minority counterparts in the coffee industry?
18272624_8,What historical context contributed to the migration of lowland farmers to the Central Highlands in Vietnam?
18272624_8,How did the shifting motivations of coffee farmers in the 1980s and 1990s affect the narrative around coffee production?
18272624_9,What role do family networks play in supporting Kinh emigrants in the Highlands?
18272624_9,How did historical government efforts affect lowland farmers' movement to the highlands?
18272624_9,What motivated the shift to economic-driven motivations for coffee farming in the 1980s and 1990s?
18272624_9,Can you explain the concept of 'negotiated reciprocity' mentioned in relation to familial help?
18272624_9,What environmental issues have arisen from the expansion of coffee production in Dak Lak?
18272624_10,What are the main environmental issues linked to coffee production in the Central Highlands of Vietnam?
18272624_10,How has the expansion of coffee farming affected ethnic minority communities?
18272624_10,What factors contributed to the environmental degradation associated with coffee farming?
18272624_10,How does the economic growth goal influence the environmental practices in coffee production?
18272624_10,What role do smallholder farmers play in the current environmental challenges related to coffee cultivation?
18272624_11,What specific environmental issues have smallholder farmers in Vietnam been facing due to the intensive use of fertilizers and mono-cropping practices?
18272624_11,How has the socioeconomic inequality affected the coffee economy and environmental degradation in Vietnam?
18272624_11,What is the objective of the New Vision for Agriculture (NVA) framework created in 2010?
18272624_11,How did the Vietnamese government incorporate the NVA framework into its national agriculture strategy?
18272624_11,What challenges are highlighted for poor ethnic minorities in relation to coffee production and land conversion in Vietnam?
18272624_12,What were the main goals of the New Vision for Agriculture framework established in 2010 in Vietnam?
18272624_12,How did the establishment of the Coffee Coordination Board in 2013 impact coffee governance in Vietnam?
18272624_12,What role do coffee companies play in the Partnership for Sustainable Agriculture in Vietnam?
18272624_12,How has the fluctuating coffee economy been related to social inequality and environmental degradation according to the article?
18272624_12,What was one of the early initiatives within the NVA framework aimed specifically at coffee production?
18272624_13,What collaboration took place to replace aging coffee trees in Vietnam?
18272624_13,When was the Coffee Coordination Board (CCB) established?
18272624_13,What significant shift occurred in coffee governance in Vietnam around the establishment of the CCB?
18272624_13,Why is replanting coffee trees important according to the World Bank's 2011 estimation?
18272624_13,What challenges do smallholder farmers face during the replanting initiative?
18272624_14,What potential impact could the absence of coffee replanting have on Vietnam's coffee production by the mid-2020s?
18272624_14,How long does it take for newly replanted coffee trees to start generating yield?
18272624_14,What financing solutions have been developed to support smallholder farmers during the early maturing period of coffee trees?
18272624_14,What challenges have been faced with the government's cash incentives for adopting new farming practices?
18272624_14,How might international fair trade certifications provide an alternative to the current top-down approach in Vietnam's coffee industry?
18272624_15,What alternative approaches are suggested to address the inequalities in access to the CCB's programmes for coffee producers in Vietnam?
18272624_15,How do international fair trade certifications like Rainforest Alliance and UTZ aim to support coffee producers directly?
18272624_15,What role does Fair Trade coffee certification play in projecting Vietnam's identity in the global market?
18272624_15,Why has Fair Trade coffee been critiqued as an imagined construct within consumer ideologies?
18272624_15,What two-pronged approach does the Vietnamese government utilize in coffee statecraft to balance domestic needs with international trade?
18272624_16,What role does the Vietnamese government play in the discourse surrounding fair trade coffee production?
18272624_16,How does Vietnam's coffee production impact rural employment and state revenue?
18272624_16,What are the negative social and ecological consequences of expanding the coffee industry in Vietnam?
18272624_16,Why is the critique of fair trade rhetoric significant in the context of coffee production?
18272624_16,What is necessary for consumers to effectively contribute to ethical and ecological practices in coffee production?
18272624_17,What are the main critiques of fair-trade rhetoric regarding Vietnamese coffee farmers?
18272624_17,How does fair trade impact the perception of Vietnamese coffee quality?
18272624_17,What question do Vietnamese farmers often ask about their coffee quality recognition?
18272624_17,In what way do certifications help Vietnamese coffee producers?
18272624_17,What collective action is suggested to address the ecological and social issues in coffee production?
18272624_18,What efforts are being made by Vietnamese coffee farmers to change perceptions about the quality of their coffee beans?
18272624_18,How does certification impact the marketing of Vietnamese coffee in the global market?
18272624_18,What historical context influences the current coffee production practices in Vietnam?
18272624_18,How do Vietnamese coffee producers aim to develop loyal patronage among consumers?
18272624_18,What role does Trung Nguyên play in promoting Vietnamese coffee and its origin stories?
18272624_19,What are the unique features of Vietnamese coffee that Trung Nguyên highlights in its marketing?
18272624_19,How has the opening of Starbucks in Vietnam impacted the local coffee industry?
18272624_19,What does the Country of Origin Labelling legislation imply for Vietnamese coffee exports?
18272624_19,Can you explain the confusion between Vietnamese-style coffee and New Orleans-style coffee in the US?
18272624_19,How did the economic changes under Đổi mới affect the competitiveness of Vietnamese coffee on a global scale?
18272624_20,What are the distinctive characteristics of Vietnamese Buôn Ma Thuột-style coffee compared to other coffees?
18272624_20,How did Vietnamese immigrants in Louisiana adapt to the unavailability of Vietnamese-grown coffee?
18272624_20,What types of coffee beans are grown in the Buôn Mê Thuột region?
18272624_20,Why is there no requirement to label Vietnamese coffee as 'Made in Vietnam'?
18272624_20,"What ingredients does Vietnamese coffee typically use instead of fresh milk, and why?"
18272624_21,What are the unique characteristics of Vietnamese Buôn Ma Thuột-style coffee?
18272624_21,What types of coffee species are grown in the Buôn Mê Thuột region?
18272624_21,How is Vietnamese coffee typically prepared and served?
18272624_21,Why is sweetened condensed milk used in Vietnamese coffee instead of fresh milk?
18272624_21,What are the names of the popular cold coffee drinks mentioned in the article?
18740889_0,What was Indonesia's rank in coffee production among the world's producers in 2025?
18740889_0,"When did coffee cultivation begin in Indonesia, and who initiated it?"
18740889_0,What percentage of Indonesia's coffee exports are arabica beans?
18740889_0,"What characteristics do Indonesia's arabica coffee varieties have, and why are they valuable for blending?"
18740889_0,"What historical event marked the beginning of coffee exports from Java to Europe, including the year and amount exported?"
18740889_1,"What year were coffee seedlings first sent from Yemen to Batavia, Indonesia?"
18740889_1,Which company was responsible for the first coffee exports from Java to Europe?
18740889_1,What was the impact of the coffee trade on the price of coffee in Amsterdam during the 18th century?
18740889_1,How did the early coffee prices in Amsterdam compare to the average annual income?
18740889_1,In what century did the East Indies become the most important coffee supplier globally?
18740889_2,What role did the Bahari Museum play in the context of coffee production in Indonesia?
18740889_2,How did the price of coffee from Batavia change throughout the 18th century?
18740889_2,What impact did the Cultuurstelsel have on Indonesian farmers during the colonial period?
18740889_2,In which regions of Indonesia was the Cultuurstelsel applied to coffee production?
18740889_2,How did the novel 'Max Havelaar' influence Dutch public opinion regarding colonialism and the Cultivation System?
18740889_3,What was the Cultuurstelsel and how did it impact coffee production in Indonesia?
18740889_3,Which regions in Indonesia were primarily affected by the Cultivation System for coffee?
18740889_3,"What significant work did Eduard Douwes Dekker publish related to the Cultuurstelsel, and what effect did it have?"
18740889_3,When and where was arabica coffee first grown in North Sumatra?
18740889_3,What disaster occurred in the late 1800s that affected coffee cultivation in Indonesia?
18740889_4,What areas in Indonesia were expanded for arabica coffee growing by the Dutch East Indies in the mid-1870s?
18740889_4,"When was coffee first planted in Sulawesi, and when did highland coffee begin in North Sumatra near Lake Toba?"
18740889_4,"What disease devastated the Arabica Typica cultivar in Indonesia in the late 1800s, and what substitute was introduced in East Java afterward?"
18740889_4,How did the nationalization of Dutch-owned plantations in the 1950s affect coffee production in Indonesia?
18740889_4,"What percentage of Indonesia's coffee is produced by smallholders today, and what characteristic do some coffee farms have?"
18740889_5,What were the historical reasons for introducing robusta coffee to East Java in 1900?
18740889_5,How did coffee production in Sumatra compare to Java during the 1920s?
18740889_5,What is the significance of smallholders in current Indonesian coffee production?
18740889_5,Can you explain the main categories of Coffea arabica grown commercially in Indonesia?
18740889_5,What are some specific varieties of Coffea arabica mentioned in the article and their origins?
18740889_6,What are the main categories of Coffea arabica varieties grown in Indonesia?
18740889_6,Can you explain the origins and characteristics of the Hibrido de Timor variety?
18740889_6,What distinguishes the coffee produced in Sumatra from other regions?
18740889_6,What is the significance of the 'giling basah' processing technique used in Sumatra?
18740889_6,How does the local adaptation of Catimor varieties affect their flavor profile?
18740889_7,What are the notable characteristics of coffee produced in Sumatra?
18740889_7,Can you explain the significance of the 'giling basah' processing technique in Sumatran coffee?
18740889_7,"What is the origin of Caturra cultivars in coffee, and how do they relate to Bourbon coffee?"
18740889_7,"How does the Mandheling coffee differ from other types, and what is its geographical significance?"
18740889_7,What unique qualities does Lintong coffee possess due to its growing location near Lake Toba?
18740889_8,"What are the distinct flavor notes commonly found in Indonesian coffee, particularly from Sumatra?"
18740889_8,Can you explain what Mandheling coffee is and where it is produced?
18740889_8,What distinguishes Lintong coffee in terms of its geographical location and production?
18740889_8,"How is Gayo coffee processed, and what are its unique characteristics compared to other Sumatran coffees?"
18740889_8,"What is the significance of the Gayo region in coffee production, particularly in relation to its geographical indication status?"
18740889_9,"What is the altitude range for coffee production in the Gayo region of Sumatra, Indonesia?"
18740889_9,"What processing method is used for Gayo coffee, and how does it affect its flavor profile?"
18740889_9,Which regions in Sulawesi are known for producing high altitude Arabica coffee?
18740889_9,What flavor notes are typically found in Sulawesi coffees?
18740889_9,How does the traditional processing of coffee in Sulawesi reflect the local culture?
18740889_10,What notable coffee brand is associated with Kalosi in Indonesia?
18740889_10,Which regions in Sulawesi are known for producing Arabica coffee?
18740889_10,What are the common flavor notes associated with Sulawesi coffees?
18740889_10,What unique coffee processing method do Sulawesi farmers use?
18740889_10,How did the coffee cultivation practices change in Java after the rust plague in the late 1880s?
18740889_11,What historical significance does Java have in the context of coffee production?
18740889_11,How did the Dutch respond to the rust plague that affected coffee plantations in the late 1880s?
18740889_11,Which coffee varieties are primarily produced on Java today?
18740889_11,What is the primary altitude range for coffee production on the Ijen Plateau in Java?
18740889_11,How does the wet processing method contribute to the flavor profile of Java coffee?
18740889_12,What are the names of the five largest coffee estates in Indonesia mentioned in the article?
18740889_12,How does the wet process affect the quality of coffee produced on these estates?
18740889_12,What flavors can aged coffees develop according to the article?
18740889_12,What is the significance of the Subak Abian farming system for coffee production in Bali?
18740889_12,Why is Java coffee considered important in the context of the Mocha Java blend?
18740889_13,What traditional farming system do coffee farmers in Bali follow?
18740889_13,How does the Subak Abian philosophy influence coffee production in Bali?
18740889_13,What is the significance of the Geographic Indication established for Kintamani coffee?
18740889_13,How does Balinese coffee processing differ from that of other regions in Indonesia?
18740889_13,When is the typical harvest season for coffee grown in Bali?
18740889_14,What is the role of the Subak in fair trade coffee production in Indonesia?
18740889_14,How does the Geographic Indication established in 2008 benefit Kintamani coffee?
18740889_14,What are the typical flavor notes associated with Balinese coffee processed using the wet method?
18740889_14,During which months does the coffee harvest season occur in Bali?
18740889_14,What is the traditional preparation method for coffee in Bali known as Kopi tubruk?
18740889_15,What is the traditional coffee preparation method used in Bali called?
18740889_15,Which area in Sumbawa is primarily known for coffee growing?
18740889_15,What factors contribute to the fertility of the soil for coffee production in Flores?
18740889_15,At what altitudes is Arabica coffee grown in Papua?
18740889_15,What style of processing does Flores coffee use to achieve its floral notes?
18740889_16,What unique flavor notes are associated with coffee from Flores in Indonesia?
18740889_16,Can you describe the traditional processing method known as pulped natural and its impact on coffee flavor?
18740889_16,"What are the main coffee-growing regions in Papua, Indonesia, and what are their altitudes?"
18740889_16,"How much coffee is produced annually from the coffee-growing regions in Papua, and what is expected to happen in the future?"
18740889_16,"What types of trees are used for shade growing coffee in Papua, and what is unique about the farming practices there?"
18740889_17,What factors contribute to the ideal conditions for Arabica coffee production in Indonesia?
18740889_17,"How much coffee is produced annually in Indonesia, and what are the prospects for future production?"
18740889_17,What certification processes are farmers in Indonesia seeking to enhance their coffee sales?
18740889_17,What are the main methods used for harvesting and processing coffee in Indonesia?
18740889_17,Can you explain the significance of the 'giling basah' process in the coffee production of Indonesia?
18740889_18,"What traditional coffee processing method is used by Arabica farmers in Sulawesi, Flores, and Bali?"
18740889_18,Can you explain the giling basah process and what it involves?
18740889_18,What is the distinctive appearance of coffee beans processed using the semi-wet hull method?
18740889_18,How does kopi luwak processing differ from traditional coffee processing methods?
18740889_18,What factors contribute to the unique flavor of kopi luwak?
18740889_19,"What unique feature distinguishes the coffee produced in Indonesia, as mentioned in the article?"
18740889_19,Can you explain the process of producing 'kopi luwak' and how it influences the flavor profile?
18740889_19,What is the role of the Indonesian Coffee and Cocoa Research Institute (ICCRI) in the coffee sector?
18740889_19,"Which pest does the Brocap Trap technology target, and where has it been implemented according to the research?"
18740889_19,"What associations represent Indonesia's coffee industry, and what is the acronym for the Association of Indonesian Coffee Exporters?"
18740889_20,What are the current activities of ICCRI in the coffee sector in Indonesia?
18740889_20,Can you explain the purpose and effectiveness of the Brocap Trap technology used by coffee farmers?
18740889_20,What are the three main associations representing the Indonesian coffee industry?
18740889_20,How do the different coffee regions in Indonesia affect production systems and product quality?
18740889_20,What challenges does the geographical diversity of Indonesia pose for coffee production?
18740889_21,What organizations are involved in managing coffee export quotas in Indonesia?
18740889_21,How has the Specialty Coffee Association of Indonesia contributed to the coffee industry?
18740889_21,What challenges does the Indonesian coffee sector face due to its geography?
18740889_21,Why has coffee not been regarded as a crop of strategic importance in Indonesia?
18740889_21,What illegal activities related to coffee farming have been reported in Bukit Barisan Selatan National Park?
18740889_22,What are the common challenges faced by coffee-producing regions in Indonesia?
18740889_22,What illegal activities related to coffee farming have been reported in Bukit Barisan Selatan National Park?
18740889_22,Which provinces in Indonesia are the largest producers of Robusta coffee?
18740889_22,"How is Robusta coffee typically harvested, and what is the method used for processing after harvest?"
18740889_22,Who are the primary exporters that purchase illegal coffee from Indonesia as mentioned in the article?
18740889_23,What provinces in Indonesia account for 50% of the total national coffee production?
18740889_23,How do farmers in Indonesia typically harvest Robusta coffee cherries?
18740889_23,What is the moisture content of the crop when exported after drying?
18740889_23,What is the primary use of most of Indonesia's Robusta coffee?
18740889_23,Which countries are the main markets for Indonesian coffee exports?
18090581_0,What role has coffee production played in Costa Rica's economy throughout its history?
18090581_0,Which provinces in Costa Rica are known for the largest coffee growing areas?
18090581_0,How did Costa Rica's coffee exports perform in terms of value in 2015?
18090581_0,What percentage of the world's coffee production does Costa Rica currently provide as a small country?
18090581_0,How did the Costa Rican government's policies in the nineteenth century influence the coffee industry?
18090581_1,What year did coffee production in Costa Rica begin and in which region?
18090581_1,How did the Costa Rican government promote coffee production in the nineteenth century?
18090581_1,What was the primary source of revenue for Costa Rica by 1829?
18090581_1,When did Costa Rica start exporting coffee directly to the United Kingdom?
18090581_1,Which bank was established in 1863 as a result of British investment in Costa Rican coffee?
18090581_2,What year did Costa Rica start exporting coffee to Chile?
18090581_2,Who was the captain of the ship that sent the first direct shipment of Costa Rican coffee to the UK?
18090581_2,What significant investment occurred in Costa Rica's coffee industry in the 19th century?
18090581_2,How did the coffee industry contribute to the modernization of Costa Rica?
18090581_2,What was the impact of global coffee price fluctuations on Costa Rica's economy?
18090581_3,How did coffee growers and traders impact the Costa Rican economy and modernization?
18090581_3,What were the significant contributions of the coffee industry to infrastructure in Costa Rica?
18090581_3,How did global coffee price fluctuations affect Costa Rica's economy during the 20th century?
18090581_3,What were the consequences of the 1983 coffee blight on Costa Rican coffee production?
18090581_3,How has urban sprawl affected coffee production in the Great Metropolitan Area of Costa Rica?
18090581_4,What major event in 1983 significantly impacted the Costa Rican coffee industry?
18090581_4,How did coffee production figures in Costa Rica change between 1988 and 1992 despite falling prices?
18090581_4,What was the purpose of the Central American coffee retention plan established in 1989?
18090581_4,"Who is primarily employed for coffee picking in Costa Rica, and how are they compensated?"
18090581_4,What are the environmental concerns associated with the processing of coffee beans in Costa Rica?
18090581_5,What type of labor force is primarily used for coffee production in Costa Rica?
18090581_5,How are coffee workers compensated for their labor in Costa Rica?
18090581_5,What environmental effects are associated with the coffee processing methods in Costa Rica?
18090581_5,What are the preferred altitudes for growing high-quality coffee in Costa Rica?
18090581_5,Why is Tarrazú coffee considered noteworthy in the global coffee market?
18090581_6,What are the recognized coffee growing regions and their associated seasons in Costa Rica?
18090581_6,What altitude range is associated with producing the finest coffee in Costa Rica?
18090581_6,Which region in Costa Rica is known for producing the most desirable coffee beans?
18090581_6,What notable event is organized by the Agriculture and Livestock Ministry and the Costa Rican Coffee Institute?
18090581_6,What awards has Costa Rican coffee won in prestigious competitions recently?
18090581_7,What is the Cup of Excellence and how is it related to Costa Rican coffee?
18090581_7,Can you list some of the major awards that Costa Rican coffee has won in recent years?
18090581_7,What environmental issues are linked to coffee production in Costa Rica?
18090581_7,How does the National Coffee Day festival contribute to the recognition of Costa Rican coffee producers?
18090581_7,"Who was the top winner of the Cup of Excellence in 2023, and what was their score?"
18090581_8,What were the notable winners of the coffee competition in Costa Rica mentioned in the article?
18090581_8,What is the main environmental issue caused by coffee processing in Costa Rica?
18090581_8,What measures did the Costa Rican government take in 1995 to address coffee processing waste?
18090581_8,How has coffee production historically contributed to deforestation in Costa Rica?
18090581_8,What are some potential uses for coffee pulp waste mentioned in the article?
18090581_9,What measures have been implemented by the Costa Rican government to address coffee production waste and its environmental impact?
18090581_9,How has the introduction of coffee cultivation historically affected deforestation in Costa Rica?
18090581_9,"What are some attempts made by farmers to utilize pulp waste in coffee production, and what are the potential risks associated with these methods?"
18090581_9,"What were the annual rates of forestry loss in Costa Rica during the 1970s and 1980s, and how does this compare to other regions in Latin America?"
18090581_9,What are the geographic and climatic conditions in Costa Rica that make it suitable for coffee cultivation?
5612891_0,What century did Sufi Muslims use coffee to aid concentration during night prayers?
5612891_0,"How did coffee spread from Yemen to other regions, and which cities were among the first to receive it?"
5612891_0,What was the significance of the Yemeni port of Mocha in the coffee trade until the end of the 17th century?
5612891_0,"Who introduced coffee seedlings to the New World, and which country first received them?"
5612891_0,"Which country has been the largest producer of coffee since 1852, and what other major producers emerged after 1950?"
5612891_1,What significant event occurred in 1720 related to the spread of coffee?
5612891_1,By which year did Saint-Domingue supply half the world's coffee?
5612891_1,How did Brazil come to dominate coffee production by 1852?
5612891_1,Which countries emerged as major coffee producers after 1950?
5612891_1,What are some etymological origins of the word 'coffee' in different languages?
5612891_2,What is the origin of the word coffee and its relationship to appetite?
5612891_2,How did the Turkish word kahve influence other languages?
5612891_2,What evidence exists regarding the historical consumption of coffee prior to the 15th century?
5612891_2,"What is the significance of the terms coffee pot and coffee break, and when were they first used?"
5612891_2,From which regions are the original domesticated coffee plants thought to originate?
5612891_3,What is the earliest mention of coffee and who made that reference?
5612891_3,Which communities in Yemen were known for coffee drinking in the late 15th century?
5612891_3,Who was Abd al-Qadir al-Jaziri and what did he contribute to the history of coffee?
5612891_3,What properties of coffee did Sheikh Jamal-al-Din al-Dhabhani highlight?
5612891_3,From which region did coffee spread to larger cities like Cairo and Damascus according to Abd al-Qadir al-Jaziri?
5612891_4,What role did Sufi communities in Yemen play in the establishment of coffee drinking during the 15th century?
5612891_4,"Who was Abd al-Qadir al-Jaziri, and what was his contribution to the history of coffee?"
5612891_4,How did coffee spread from Arabia Felix to other cities like Cairo and Constantinople?
5612891_4,In what ways did Sufis utilize coffee during their spiritual practices?
5612891_4,What significance does the manuscript by Al-Jaziri hold in understanding the history of coffee in Europe?
5612891_5,What was the significance of Al-Jaziri's manuscript in relation to coffee's history in Europe?
5612891_5,How did Sufis in Yemen utilize coffee during their spiritual practices?
5612891_5,When did coffee start spreading to the Mamluk Sultanate of Egypt and North Africa?
5612891_5,What was the response of the imams in Mecca regarding the consumption of coffee in 1511?
5612891_5,"Who were the first Arab merchants to open a coffeehouse in Istanbul, and when did this occur?"
5612891_6,Who was the first European to mention coffee and what name did he use?
5612891_6,When did coffee first arrive in Istanbul and who were the merchants involved?
5612891_6,What was the reason for the initial ban on coffee in Mecca in 1511?
5612891_6,Which Ottoman Sultan lifted the coffee ban and who issued the fatwa allowing its consumption?
5612891_6,Why is Yemen significant in the history of coffee cultivation and trade?
5612891_7,What role did Yemen play in the history of coffee cultivation and trade?
5612891_7,How did coffee become a significant part of Yemeni culture during the fifteenth century?
5612891_7,What geographical features of Yemen contributed to its coffee production?
5612891_7,How did the coffee economy of Yemen grow during the late sixteenth century?
5612891_7,What evidence supports Yemen's importance in the spread of Coffea arabica globally?
5612891_8,What role did Yemen play in the global coffee trade until the end of the 17th century?
5612891_8,How did modern genetic studies contribute to our understanding of Coffee arabica's origins?
5612891_8,"When was coffee introduced to Iran, and who likely brought it?"
5612891_8,What significance did Qahveh khaneh hold in Iranian social life during the Safavid era?
5612891_8,How did coffee influence trade and the economy in Iran during the Safavid period?
5612891_9,What was the role of coffeehouses in Iranian social life during the Safavid and Qajar periods?
5612891_9,How did coffee influence trade and the economy in Iran?
5612891_9,What were some cultural aspects connected to coffee in Iranian societies?
5612891_9,How did the coffee trade between Mocha and Berbera evolve during the 19th century?
5612891_9,What impact did the popularity of coffee have on employment in Iranian cities?
5612891_10,What new jobs emerged due to the popularity of coffee in Iranian cities?
5612891_10,How did Captain Haines describe the coffee trade involving Mocha and Berbera?
5612891_10,What impact did Emperor Menelik have on coffee consumption in Ethiopia?
5612891_10,How did the Ethiopian Orthodox Church's stance on coffee change over time?
5612891_10,What arguments did early Islamic practitioners make regarding the effects of coffee compared to hashish or alcohol?
5612891_11,What factors contributed to the changing attitudes towards coffee in Ethiopia during the 19th century?
5612891_11,How did Emperor Menelik influence the acceptance of coffee in Ethiopia?
5612891_11,What role did coffeehouses play in the Islamic Empires according to historical accounts?
5612891_11,How did early Islamic practitioners view the effects of coffee in comparison to alcohol and hashish?
5612891_11,What insights do Neha Verami's comments provide about the significance of coffeehouses in Islamic culture?
5612891_12,What role did coffeehouses play in the social structure of Islamic Empires?
5612891_12,How did Neha Verami summarize the significance of coffeehouses in relation to the public sphere?
5612891_12,What controversies arose with the introduction of coffee to the Islamic world?
5612891_12,How was coffee consumption viewed in public during the time of the Ottoman and Safavid Empires?
5612891_12,What measures were taken by rulers like Suleiman I to regulate coffee consumption among different social classes?
5612891_13,What was the perceived effect of coffee on cognition in historical contexts?
5612891_13,Why were taxes imposed on coffee consumption during Suleiman I's reign?
5612891_13,What similarities existed between coffee consumption and alcohol that contributed to the disdain for coffee?
5612891_13,How did the fatwa regarding coffee reflect misunderstandings about the substance?
5612891_13,What role did coffee houses play in the social and economic activities of the Ottoman Empire?
5612891_14,What was the initial perception of coffee in relation to alcohol and how did it impact its consumption?
5612891_14,Can you explain the significance of taḥmīskhāne in the Ottoman Empire's coffee culture?
5612891_14,How did coffee contribute to the economy around the Red Sea during the 15th to 17th centuries?
5612891_14,What traditional foods did the Oromo people of Ethiopia create from coffee plants?
5612891_14,"What legendary figure is associated with the discovery of coffee's energizing effects, and what was his experience with the coffee berries?"
5612891_15,What food did the Oromo people of Ethiopia create from coffee plants?
5612891_15,"What is the modern beverage made from recycled dried cherry skins, and how is it related to coffee?"
5612891_15,Can you explain the legendary account involving Kaldi and his discovery of coffee?
5612891_15,Who was Antoine Faustus Nairon and what is his significance in coffee history?
5612891_15,What does the legend say about the Moroccan Sufi mystic during his travels in Ethiopia?
5612891_16,What event led to the first cup of coffee being made according to the monk's legend?
5612891_16,Who is credited with the earliest printed treatise about coffee and what is its title?
5612891_16,What is the significance of the name Kaldi in the history of coffee?
5612891_16,What discovery did the Moroccan Sufi mystic observe that was related to coffee?
5612891_16,How did Omar's experience with coffee lead to his return to Mecca and eventual sainthood?
5612891_17,"What is the significance of Sheikh Abu al-Hasan ash-Shadhili's disciple, Omar, in the history of coffee?"
5612891_17,How did Omar discover the proper method to prepare coffee?
5612891_17,What does the term 'nepenthe' mean and how is it related to coffee?
5612891_17,In what context was coffee originally consumed in the Islamic world?
5612891_17,How did coffee's introduction to Europe occur during the Ottoman invasion?
5612891_18,What symbolic meaning does the term 'nepenthe' have in Homer's Odyssey?
5612891_18,How did coffee consumption relate to religious practices in the Islamic world?
5612891_18,What historical events led to the introduction of coffee in Europe?
5612891_18,Who was mentioned as the first to document coffee in a European text and in what year?
5612891_18,How did Turkish Muslim slaves contribute to coffee culture in Malta?
5612891_19,What year did coffee reach Vienna according to the article?
5612891_19,Which battle is mentioned in relation to the introduction of coffee in Malta?
5612891_19,Who published the first European description of the coffee plant?
5612891_19,What was the purpose of Turkish Muslim slaves in Malta during the Great Siege of 1565?
5612891_19,What benefits of coffee were noted by Englishmen traveling through the Safavid and Ottoman Empire?
5612891_20,What benefits of coffee were noted by Englishmen traveling through the Safavid and Ottoman Empire in the 16th century?
5612891_20,How did Venetian merchants influence coffee consumption in mainland Europe?
5612891_20,Who was the first European to publish a description of the coffee plant and when did this happen?
5612891_20,Which two routes were pivotal for the transportation of coffee to Europe?
5612891_20,What noteworthy event led to the establishment of the first coffeehouse in Austria?
5612891_21,What significant event led to the opening of the first coffeehouse in Austria and who was responsible for it?
5612891_21,How did the coffee culture in Vienna develop during the 19th century?
5612891_21,Can you name some famous individuals who were inspired by the Viennese coffee house culture?
5612891_21,What is 'Melange' and how is it typically served?
5612891_21,When and where was the first coffeehouse in England established?
5612891_22,What was the significance of the Viennese coffee house culture in the 19th century?
5612891_22,Who were some of the world-famous personalities inspired by the Viennese coffee house experience?
5612891_22,What type of coffee preparation originated from the Viennese Kapuziner coffee?
5612891_22,When and where was the first coffeehouse in England opened?
5612891_22,What role did early English coffee houses play during the Enlightenment period?
5612891_23,Who assisted Rosée in setting up the coffee establishment in the 17th century?
5612891_23,What role did the British East India Company and the Dutch East India Company play in the coffee trade?
5612891_23,"How many coffeehouses were there in England by 1675, and what happened to coffeehouses between the 1660s and 1670s?"
5612891_23,"What were the coffeehouses used for during the Enlightenment, and why did Charles II attempt to suppress them?"
5612891_23,"What medicinal benefits were attributed to coffee by physicians in the 17th century, according to the tract by 'M.P.'?"
5612891_24,What medicinal properties did people in the past believe coffee had?
5612891_24,Who wrote the 1661 tract that listed the perceived benefits of coffee?
5612891_24,What concerns were raised in the 1674 'Women's Petition Against Coffee'?
5612891_24,Who is credited with bringing coffee to Paris in 1657?
5612891_24,What did the Ambassador Soleiman Agha do upon arriving in Paris in 1669?
5612891_25,What contributions did Arab physicians make to the popularity of coffee in the modern world?
5612891_25,Who introduced coffee to Paris and when did this occur?
5612891_25,What significant event happened in Paris regarding coffee in 1669?
5612891_25,How did the spelling of coffee evolve in Germany during the 1700s?
5612891_25,What notable work related to coffee did composer Johann Sebastian Bach create while in Leipzig?
5612891_26,When were the first coffeehouses established in Germany and which cities were they located in?
5612891_26,What significant change occurred in the spelling of the word coffee in Germany during the 1700s?
5612891_26,"Who was the ruling figure associated with coffee served at the court of Brandenburg, and in what year did this occur?"
5612891_26,"What notable work did Johann Sebastian Bach compose related to coffee, and what is its significance?"
5612891_26,"When did coffee first arrive in Italy, and who was responsible for its introduction in Venice?"
5612891_27,When did coffee arrive in Italy and through what routes?
5612891_27,Who imported coffee into Venice and from where?
5612891_27,What reaction did Pope Clement VIII have to coffee and how did it impact its popularity?
5612891_27,How many coffee shops were there in Venice by 1763?
5612891_27,What invention did Luigi Di Ponti create in 1933 related to coffee?
5612891_28,What did Pope Clement VIII say about coffee and when did this event supposedly occur?
5612891_28,Who invented the first moka pot and in what year was it invented?
5612891_28,How many moka pots did Renato Bialetti sell in a year after starting industrial production?
5612891_28,"When is the Neapolitan discovery of coffee often dated to, and who sent news of it?"
5612891_28,What was the typical Neapolitan coffee preparation method called and who influenced its design?
5612891_29,What significant event related to coffee occurred in 1614 involving Pietro Della Valle?
5612891_29,How did coffee become associated with Naples in terms of its social and cultural life?
5612891_29,What invention in 1819 contributed to the way coffee was prepared in Naples?
5612891_29,"Who was the Dutch merchant that played a key role in obtaining coffee bushes from Mocha, Yemen?"
5612891_29,What impact did the Dutch's acquisition of coffee bushes have on coffee cultivation in other regions like Ceylon?
5612891_30,What significant event in coffee history occurred in 1616 involving the Dutch and coffee beans?
5612891_30,Who was Pieter van den Broecke and what was his contribution to coffee cultivation?
5612891_30,How did the Dutch influence coffee supply to Europe during their colonial expansion?
5612891_30,What was the state of coffee consumption in Poland before 1989 and how has it changed since?
5612891_30,What was Inka and why did it become popular in Poland during the Communist period?
5612891_31,What changes did the Dutch make in their coffee cultivation during the 17th century?
5612891_31,"How did the Polish–Lithuanian Commonwealth first obtain coffee, and when did coffee shops start to appear?"
5612891_31,What impact did the change of government in Poland in 1989 have on coffee consumption?
5612891_31,"Who introduced coffee seedlings to Martinique, and what was the significance of this event?"
5612891_31,What role did African slave laborers play in the coffee industry on French colonial plantations?
5612891_32,What were the conditions like for African slave laborers on coffee plantations in Saint-Domingue?
5612891_32,How did King John V of Portugal contribute to the coffee industry in Brazil?
5612891_32,What was the significance of the Haitian Revolution in relation to coffee cultivation?
5612891_32,What factors led to the increase in coffee consumption in America after the Boston Tea Party?
5612891_32,Which coffee varieties originated from the Isle of Bourbon?
5612891_33,What role did Francisco de Melo Palheta play in the introduction of coffee to Brazil?
5612891_33,How did the independence of Brazil in 1822 impact coffee cultivation?
5612891_33,What was the significance of the introduction of Brazilian coffee to Kenya and Tanzania in 1893?
5612891_33,How did American attitudes towards tea and coffee change during the American Revolution?
5612891_33,What were the conditions for coffee cultivation in Guatemala compared to Costa Rica?
5612891_34,What led to the strain in the relationship between indigenous people and the Guatemalan government during coffee production?
5612891_34,How did the economic collapse affect Latin American coffee producers before World War II?
5612891_34,In what year did Brazil become the largest producer of coffee in the world?
5612891_34,Which countries emerged as major coffee producers after 1950?
5612891_34,How have recent trends in coffee drinks impacted the types of beans used by coffee houses?
5612891_35,What was the significance of the agreement made by coffee producers in the U.S. market?
5612891_35,How did Brazil's coffee production compare to that of other countries by 1852?
5612891_35,Which countries emerged as major coffee producers after 1950?
5612891_35,"Who introduced coffee cultivation to India, and how did it happen?"
5612891_35,What is the term for coffee in several South Indian languages?
5612891_36,What was the role of brewed coffee in ancient times according to the article?
5612891_36,Who is credited with introducing coffee to India during the Mughal era?
5612891_36,In which state does Karnataka rank in terms of coffee production in India?
5612891_36,What percentage of India's coffee production is exported according to the article?
5612891_36,Which countries are the main destinations for India's coffee exports?
5612891_37,What percentage of India's coffee production comes from Karnataka?
5612891_37,Can you explain why Indian coffee is considered unique in terms of its growing conditions?
5612891_37,"Which two coffee species are primarily grown in India, and how do they differ?"
5612891_37,What regions in India are recognized as traditional coffee growing areas?
5612891_37,How is Indian coffee typically served in South India?
5612891_38,What are the two main species of coffee grown in India according to the article?
5612891_38,How does the flavour of the best Indian coffee compare to Pacific coffees?
5612891_38,In which Indian region is coffee cultivation significant and what are its characteristics?
5612891_38,What was the historical significance of Chikmagalur in the context of coffee in India?
5612891_38,How many coffee growers are there in Chikmagalur and what is the average production of coffee in metric tons?
5612891_39,What is the area under coffee cultivation in Chikmagalur district?
5612891_39,Which coffee variety is primarily grown in the upper hills of Chikmagalur?
5612891_39,Can you tell me about the history of coffee introduction in Japan?
5612891_39,How did the number of coffeehouses in Japan change from the 1930s to the postwar period?
5612891_39,What role did American soldiers play in introducing coffee to the general public in South Korea?
5612891_40,What role did coffeehouses play in the history of coffee popularity in Japan?
5612891_40,"Who were the first notable enthusiasts of coffee in Korea, and what was their preference regarding coffee consumption?"
5612891_40,How did American soldiers contribute to the introduction of coffee to the general public in Korea?
5612891_40,"What significant product did Dongsuh Foods introduce in 1976, and how did it affect coffee consumption in Korea?"
5612891_40,How did the growth of coffee franchises like Caffe Bene and Starbucks impact traditional coffee shops in Korea?
5612891_41,What significant contribution did Dongsuh Foods make to the instant coffee market in 1976?
5612891_41,How did the Asian financial crisis affect the popularity of instant coffee?
5612891_41,"When was coffee first introduced to Indonesia, and by whom?"
5612891_41,What types of coffee are produced in the Philippines and what is a notable historical fact about its introduction?
5612891_41,"What led to the decline of coffee cultivation in Lipa, Philippines, around 1889?"
5612891_42,What are the four varieties of commercially viable coffee produced in the Philippines?
5612891_42,In what year was coffee introduced to Lipa in the Philippines according to tradition?
5612891_42,What factors contributed to the failure of the coffee industry in Lipa around 1889?
5612891_42,How did the Philippines' coffee industry change throughout the 20th century?
5612891_42,What city in Vietnam is known as the 'coffee capital of Vietnam'?
5612891_43,What challenges did the Philippines face in maintaining its coffee industry during the 20th century?
5612891_43,How did the Philippines' coffee culture begin to emerge after 1980?
5612891_43,What is the significance of the city of Buôn Ma Thuột in Vietnam's coffee production?
5612891_43,Who founded Trung Nguyen Coffee and when was it established?
5612891_43,How did the Dutch East India Company influence coffee production in Europe?
5612891_44,Who was instrumental in obtaining coffee plants for the Dutch East India Company from Yemen?
5612891_44,What was the significance of the Treaty of Utrecht in relation to coffee cultivation?
5612891_44,How did Captain Gabriel des Clieux contribute to the introduction of coffee in the Americas?
5612891_44,In which regions were coffee plantations established by the Dutch East India Company by 1719?
5612891_44,What role did the Hortus Botanicus of Leiden play in the spread of coffee cultivation?
5612891_45,"What significant event related to coffee occurred in Paris, as mentioned in the article?"
5612891_45,Who played a pivotal role in introducing coffee to the Americas and what challenges did he face during his journey?
5612891_45,Where were the first French coffee plantations established in the Caribbean?
5612891_45,What major change took place in Brazil's coffee production around 1800?
5612891_45,How did Brazil's coffee industry impact its reliance on slave labor before 1888?
5612891_46,What year did the first coffee plantation in Brazil start and who was responsible for it?
5612891_46,How did coffee consumption in Brazil change by the 1800s?
5612891_46,Which countries became major coffee producers due to Brazil's high pricing policy?
5612891_46,When did large-scale coffee production begin in Vietnam and what type of coffee is primarily grown there?
5612891_46,What significant event regarding coffee production occurred in Ethiopia during the 1900s?
5612891_47,What countries are mentioned as significant coffee producers?
5612891_47,When did large-scale coffee production begin in Vietnam?
5612891_47,What type of coffee is predominantly grown in Vietnam?
5612891_47,How much coffee did Ethiopia export around the 1880s?
5612891_47,What development in Ethiopia contributed to coffee export growth in the early 20th century?
5612891_48,What was the total amount of coffee freighted by the Ibouti Railway by 1936?
5612891_48,When did the coffee history in Australia begin and how many acres were initially developed?
5612891_48,Which coffee harvesting system was invented in Australia and in what year?
5612891_48,How much did the coffee freight by the Ibouti Railway increase from its initial freight until 1922?
5612891_48,What type of coffee do several producers in Australia grow today?
5612891_49,What is the title of the book that discusses coffee as a historical driving force?
5612891_49,Who is the author of the book titled 'The Penny Universities: A History of the Coffee-Houses'?
5612891_49,In what year was the book 'Il caffè sospeso' published?
5612891_49,Which publication examines the benefits of Fairtrade coffee?
5612891_49,What topic does the historical novel 'The Coffee Trader' cover?
5612891_50,What insights does Anna Malecka provide about coffee consumption in Turkish and Persian cultures?
5612891_50,Can you summarize the historical context provided in David Liss's novel about the coffee business in 17th century Amsterdam?
5612891_50,What arguments does Peter Griffiths present in the YouTube video regarding the fairness of Fair Trade?
5612891_50,How does David McCreery's work address the role of indigenous labor in Guatemala's coffee economy from 1871 to 1980?
5612891_50,What are the key themes explored in the travel reports documented by Urs Bitterli and Antoinette Schnyder-v. Waldkirch regarding coffee in early travels?
5612891_51,What is the focus of Antoinette Schnyder-v. Waldkirch's work regarding coffee?
5612891_51,What period does Phil Withington cover in his article about coffee in London?
5612891_51,How does the article 'Wie Europa den Kaffee entdeckte' relate to the history of coffee?
5612891_51,What type of coffee-related research does Steven C. Topik discuss in his work?
5612891_51,Where can I find external resources about coffee during World War I?
5613011_0,What does the 2017 umbrella review of meta-analyses say about coffee consumption and its health effects?
5613011_0,"According to the American Heart Association, how many cups of caffeinated coffee per day are considered safe for cardiovascular health?"
5613011_0,What risks are associated with coffee consumption during pregnancy as mentioned in the article?
5613011_0,How is coffee consumption related to all-cause and cardiovascular disease mortality based on the 2014 meta-analysis?
5613011_0,"Does the article indicate that coffee causes indigestion, and what does it say about its effects on gastrointestinal reflux?"
5613011_1,What is the relationship between coffee consumption and cardiovascular disease risk according to the 2014 meta-analysis?
5613011_1,How does moderate coffee consumption affect all-cause mortality rates based on the findings in the record?
5613011_1,"What are the effects of coffee on gastrointestinal function after surgery, and what do the reviews indicate?"
5613011_1,What conclusions did the 2012 meta-analysis draw regarding heart failure rates in coffee drinkers?
5613011_1,"Is there a known mechanism for how coffee induces defecation in some individuals, according to the article?"
5613011_2,What did the 2012 meta-analysis conclude about moderate coffee consumption and heart failure?
5613011_2,How does coffee consumption relate to the risk of developing hypertension according to recent reviews?
5613011_2,What types of coffee are considered non-filtered and associated with increased risk of atherosclerosis?
5613011_2,What effect does drinking one to two cups of coffee per day have on hypertension risk?
5613011_2,What was the conclusion of the 2016 meta-analysis regarding coffee consumption and myocardial infarction patients?
5613011_3,What did the 2019 review conclude about coffee consumption and hypertension risk?
5613011_3,How does coffee consumption affect the risk of hypertension according to the reviews mentioned?
5613011_3,What are the potential health risks associated with non-filtered coffee as stated by the 2021 European Society of Cardiology Guidelines?
5613011_3,What was the finding regarding coffee consumption and the risk of Parkinson's disease?
5613011_3,What did the systematic review reveal about coffee consumption and the risk of type II diabetes?
5613011_4,What is the relationship between long-term coffee consumption and the risk of Parkinson's disease?
5613011_4,How does coffee consumption affect the risk of developing Type II diabetes?
5613011_4,What conclusions have been drawn about coffee consumption and cancer risk?
5613011_4,What benefits does regular coffee consumption have on liver health?
5613011_4,How does coffee consumption relate to stroke risk according to meta-analyses?
5613011_5,What is the relationship between regular coffee consumption and liver health according to The British Liver Trust?
5613011_5,How much coffee is linked to a decreased risk of stroke based on meta-analyses?
5613011_5,What advice does the UK National Health Service give regarding coffee consumption and anxiety disorders?
5613011_5,What does preliminary research suggest about coffee intake and depression?
5613011_5,What conclusions were drawn from the systematic review regarding coffee's effect on dementia and cognitive impairment in the elderly?
5613011_6,What impact does caffeine consumption have on adolescents and individuals with anxiety disorders?
5613011_6,Is there any evidence suggesting that coffee consumption may help reduce depression?
5613011_6,What does the systematic review say about coffee's effect on dementia and cognitive impairment in the elderly?
5613011_6,Why was the evidence regarding coffee's impact on dementia considered inconclusive?
5613011_6,Are there any suggested benefits of coffee consumption outside of its effects on depression or dementia?
6868_0,What are the primary effects of caffeine as mentioned in the article?
6868_0,How does caffeine interact with adenosine receptors in the brain?
6868_0,From which sources do humans primarily derive caffeine?
6868_0,What is the significance of caffeine's structure in its function?
6868_0,What was the global consumption of coffee beans in 2020 according to the article?
6868_1,What chemical structure is caffeine related to in DNA and RNA?
6868_1,Which plant is the primary source of caffeine used for human consumption?
6868_1,What process is used to extract caffeine from plant products?
6868_1,"What effects does caffeine have on health, both positive and negative?"
6868_1,What recommendations exist regarding caffeine consumption during pregnancy?
6868_2,What are some positive health effects of caffeine mentioned in the article?
6868_2,How does caffeine consumption during pregnancy compare for non-pregnant adults?
6868_2,What withdrawal symptoms might a person experience when they stop using caffeine after regular intake?
6868_2,What dose of caffeine is considered lethal for adults according to the article?
6868_2,What classification does the FDA give to caffeine regarding its safety?
6868_3,What are some symptoms that might occur when a person stops using caffeine after regular consumption?
6868_3,How does chronic caffeine consumption affect the body's adenosine receptors and attention allocation?
6868_3,"What does the US FDA classify caffeine as in terms of safety, and what is the lethal dose for adults?"
6868_3,"According to the European Food Safety Authority, what is the maximum daily caffeine intake considered safe for non-pregnant adults?"
6868_3,How does the caffeine content in a 6-ounce cup of coffee vary based on different factors?
6868_4,What factors influence the caffeine content in a 6 ounce cup of coffee?
6868_4,What is the lethal dose of caffeine from ordinary cups of coffee?
6868_4,How is caffeine used in the treatment of premature infants?
6868_4,"What are the effects of caffeine on asthma, and is there strong evidence to support its use?"
6868_4,How does caffeine improve the effectiveness of pain relievers like paracetamol or ibuprofen?
6868_5,What is the effect of caffeine on airway function in asthma patients?
6868_5,How does caffeine improve the efficacy of pain relievers like paracetamol or ibuprofen?
6868_5,In what way does caffeine influence recovery after abdominal surgery?
6868_5,How does caffeine compare to other treatments for ADHD in children?
6868_5,"What cognitive benefits does caffeine provide, particularly in relation to fatigue and drowsiness?"
6868_6,How does caffeine impact learning and memory according to the article?
6868_6,What is the optimal time frame to expect the desired effects of caffeine after consumption?
6868_6,In what way does caffeine assist shift workers during their duties?
6868_6,What are the combined effects of caffeine and L-theanine as mentioned in the systematic review?
6868_6,How does tolerance to caffeine affect repeated users based on the withdrawal-reversal hypothesis?
6868_7,"What effects does acute caffeine intake have on reaction time and accuracy for cognitive tasks, according to the systematic review and meta-analysis?"
6868_7,"How does caffeine function as an ergogenic aid during athletic performances, particularly in endurance sports?"
6868_7,What is the optimal dosage of caffeine that can improve sprint performance and other athletic activities?
6868_7,How does caffeine affect perceived exertion during constant load exercises compared to exercise-to-exhaustion exercises?
6868_7,What is the recommended daily caffeine intake limit for healthy adults as advised by Health Canada?
6868_8,What are the effects of caffeine ingestion prior to aerobic exercise on fat oxidation?
6868_8,How does caffeine consumption affect perceived exertion during exercise?
6868_8,What is the daily caffeine intake limit recommended for healthy adults according to Health Canada?
6868_8,What are the potential harms of high caffeine doses in children?
6868_8,At what age can infants metabolize caffeine at the same rate as adults?
6868_9,What did the 2017 systematic review on caffeine toxicology conclude about caffeine safety?
6868_9,What is the maximum recommended caffeine intake for children under 12 according to Health Canada?
6868_9,Why does the American Academy of Pediatrics advise against caffeine consumption for children under 18?
6868_9,At what age can infants metabolize caffeine at a rate similar to adults?
6868_9,Why hasn't Health Canada developed specific advice for adolescent caffeine intake?
6868_10,What is the recommended maximum daily caffeine intake for children aged 12 and under according to Health Canada?
6868_10,Why has Health Canada not established specific caffeine guidelines for adolescents?
6868_10,What is the suggested daily caffeine intake for adolescents per kilogram of body weight?
6868_10,"How does caffeine metabolism change during pregnancy, particularly in the third trimester?"
6868_10,What are the recommendations for caffeine intake during pregnancy according to the UK Food Standards Agency and ACOG?
6868_11,What is the recommended maximum daily caffeine intake for pregnant women according to the UK Food Standards Agency?
6868_11,"How does the metabolism of caffeine change during pregnancy, specifically in the third trimester?"
6868_11,What did the American Congress of Obstetricians and Gynecologists conclude about caffeine consumption in pregnant women in 2010?
6868_11,What are the conflicting reports mentioned regarding caffeine use during pregnancy?
6868_11,What does Health Canada recommend for daily caffeine intake for breastfeeding or pregnant women?
6868_12,What is the maximum daily caffeine intake recommended by Health Canada for pregnant women?
6868_12,What did a 2011 review conclude about caffeine consumption during pregnancy?
6868_12,How is high caffeine intake during pregnancy linked to birth weight and pregnancy loss?
6868_12,What is the effect of acute ingestion of caffeine in large doses on urine output?
6868_12,How does high caffeine consumption affect postmenopausal women specifically?
6868_13,What is the recommended maximum amount of caffeine for women before pregnancy to reduce the risk of pregnancy loss?
6868_13,How can high caffeine consumption affect postmenopausal women regarding bone health?
6868_13,What acute effects does high caffeine intake have on urinary output and dehydration risk?
6868_13,What minor psychological symptoms can result from caffeine ingestion?
6868_13,"How does caffeine affect individuals with anxiety disorders, particularly those with Parkinson's disease?"
6868_14,What are some common minor symptoms associated with caffeine ingestion that do not require a psychiatric diagnosis?
6868_14,How can caffeine consumption impact individuals with anxiety disorders or Parkinson's disease?
6868_14,What moderate doses of caffeine might be linked to reduced symptoms of depression?
6868_14,"How is caffeine described in relation to addiction, and is it generally considered addictive?"
6868_14,What does the research indicate about caffeine as a reinforcing stimulus versus a placebo preference?
6868_15,What evidence suggests that increased coffee and caffeine consumption may impact the risk of depression?
6868_15,"How is caffeine characterized in terms of its effects on mood, according to different sources?"
6868_15,What does the DSM-5 say about caffeine-induced anxiety disorder?
6868_15,"Is caffeine generally considered to be an addictive substance, and what does the research say about its potential for addiction?"
6868_15,"What are the reported rates of caffeine withdrawal, and how do lab tests compare to self-reported experiences?"
6868_16,"What does the ICD-9 and ICD-10 say about caffeine addiction, and why is it contested?"
6868_16,"What symptoms might indicate caffeine withdrawal, and how long do they typically last?"
6868_16,How does the DSM-5 approach the diagnosis of caffeine addiction compared to caffeine dependence?
6868_16,"What percentage of individuals self-report caffeine withdrawal, and how does this compare to lab test findings?"
6868_16,What are the criteria for caffeine withdrawal according to the record?
6868_17,What are the required symptoms to meet the diagnostic criteria for caffeine withdrawal?
6868_17,How does the DSM-5 classify caffeine-use disorder and what is its current status?
6868_17,What does tolerance to caffeine affect according to the article?
6868_17,What is the range of high doses of caffeine mentioned and what is their effect on tolerance?
6868_17,Can you explain the significance of caffeine dependence as outlined by the ICD-11 and DSM-5?
6868_18,What evidence did the APA find regarding caffeine dependence for the DSM-5?
6868_18,How is caffeine-use disorder classified in the DSM-5?
6868_18,What is the range of caffeine doses that can produce complete tolerance to some effects?
6868_18,Can you explain what caffeinism is and its symptoms?
6868_18,How does caffeine tolerance vary among different user groups?
6868_19,"What is the maximum daily caffeine intake associated with caffeinism, and what symptoms does it include?"
6868_19,How does caffeine consumption affect sleep disruption for non-regular users?
6868_19,What are some of the symptoms that may indicate caffeine intoxication according to the DSM-5?
6868_19,"Can caffeine cause an energy crash after consumption, and how well is this phenomenon researched?"
6868_19,What health risks are associated with a very high caffeine intake as per the ICD-11?
6868_20,What symptoms indicate caffeine intoxication according to the DSM-5?
6868_20,What are the potential side effects of consuming high amounts of caffeine in energy drinks?
6868_20,"How is mild caffeine intoxication treated, and what does severe intoxication require?"
6868_20,What is the lethal dose of caffeine and how common are caffeine-related deaths?
6868_20,What actions should be taken in cases of imminent risk of cardiac arrest due to caffeine ingestion?
6868_21,What cardiovascular side effects are associated with high caffeine intake of one liter or 320 mg?
6868_21,What treatments are recommended for severe caffeine intoxication?
6868_21,How rare is death from caffeine ingestion based on the 2016 Poison Control data?
6868_21,What is the estimated lethal dose of caffeine for a typical adult weighing 70 kg?
6868_21,How can genetic factors influence the lethal dose of caffeine in individuals?
6868_22,What is the estimated fatal dose of caffeine for a typical 70 kg adult?
6868_22,How does alcohol consumption affect the performance of caffeine?
6868_22,What is the LD50 of caffeine in rats?
6868_22,Which factors can lower the lethal dose of caffeine in individuals?
6868_22,What were the consequences of consuming caffeine and alcohol together according to the Dietary Guidelines for Americans?
6868_23,"What is the effect of caffeine when consumed alongside alcohol, according to the article?"
6868_23,How does smoking tobacco influence caffeine metabolism as described in the document?
6868_23,What impact do birth control pills have on caffeine's half-life?
6868_23,How does caffeine enhance the effectiveness of certain medications?
6868_23,What are some examples of methylxanthines mentioned in the text?
6868_24,How does smoking affect caffeine metabolism according to the article?
6868_24,What impact do birth control pills have on caffeine half-life?
6868_24,"In what way does caffeine interact with certain medications, specifically for headaches?"
6868_24,"What role does adenosine play in promoting drowsiness, and how does caffeine affect this process?"
6868_24,"Which specific receptor does caffeine antagonize to promote wakefulness, as mentioned in the text?"
6868_25,What happens to adenosine levels when a person remains awake and alert without caffeine?
6868_25,How does caffeine affect adenosine receptors to promote wakefulness?
6868_25,What role do A2A receptors play in the wakefulness-promoting effects of caffeine?
6868_25,Can you explain the downstream mechanism by which caffeine increases alertness?
6868_25,What are the affinities of caffeine for the different adenosine receptor subtypes?
6868_26,What neurotransmission does the VLPO area reduce to promote wakefulness?
6868_26,Which adenosine receptor subtypes does caffeine act as an antagonist for?
6868_26,What are the KD affinity values of caffeine for the A1 and A2A receptors?
6868_26,How does caffeine affect heart rate and respiratory rate?
6868_26,What structural similarity does caffeine share with adenosine?
6868_27,What is the main action of caffeine in the brain according to the article?
6868_27,How does caffeine influence dopamine binding activity in the striatum?
6868_27,What receptor complexes are involved in caffeine's effect on dopamine receptors?
6868_27,Why is the A2A–D2 receptor heterotetramer significant in terms of caffeine's effects?
6868_27,What regions of the brain does caffeine affect in terms of dopamine release?
6868_28,What specific receptor complex does caffeine bind to when influencing dopamine activity in the striatum?
6868_28,How does caffeine affect dopamine release in different regions of the brain?
6868_28,What happens to dopamine release in the nucleus accumbens core with chronic caffeine use?
6868_28,What is the primary pharmacological target of caffeine identified in the article?
6868_28,How does caffeine function as an enzyme target in relation to inflammation and immunity?
6868_29,What happens to dopamine release in the nucleus accumbens core during chronic caffeine use?
6868_29,How does chronic caffeine consumption affect adenosine receptor levels related to arousal and motivation?
6868_29,What is the mechanism by which caffeine acts as a phosphodiesterase inhibitor?
6868_29,How quickly is caffeine absorbed by the small intestine after ingestion?
6868_29,What factors influence the biological half-life of caffeine in the body?
6868_30,How long does it take for caffeine from coffee to be absorbed by the small intestine?
6868_30,What factors can influence caffeine's biological half-life?
6868_30,How is caffeine metabolized in the liver and what are the main metabolites?
6868_30,What is the difference in rectal absorption efficiency of caffeine compared to oral ingestion?
6868_30,How does smoking affect the caffeine elimination half-life in adult males?
6868_31,How does smoking affect caffeine metabolism in adults?
6868_31,What is the impact of oral contraceptives on caffeine clearance in women?
6868_31,What metabolic processes involve caffeine and its metabolites?
6868_31,"What role does theophylline play in relation to caffeine, especially in asthma treatment?"
6868_31,How does severe liver disease influence caffeine accumulation and half-life?
6868_32,"What are the main metabolites of caffeine mentioned in the article, and how are they processed in the body?"
6868_32,How does liver disease affect caffeine metabolism according to the provided excerpt?
6868_32,What was discovered in the 2011 review regarding caffeine intake and genetic variation?
6868_32,Can you explain the solubility characteristics of caffeine in water and ethanol as noted in the article?
6868_32,"What structural features of caffeine are highlighted in the excerpt, particularly regarding its rings and hybridization?"
6868_33,What is the melting point range of pure anhydrous caffeine as mentioned in the article?
6868_33,How does the solubility of caffeine in water change with temperature?
6868_33,"Can caffeine be protonated, and if so, what is its cationic form called?"
6868_33,What are the primary components involved in Fischer's original synthesis of caffeine?
6868_33,Where is the birthplace of decaffeinated coffee and what is notable about its decaffeination plants?
6868_34,What are the key steps in Fischer's original synthesis of caffeine from 1895?
6868_34,Which country is known for being the birthplace of decaffeinated coffee?
6868_34,What are the main methods used for extracting caffeine from coffee?
6868_34,How does the efficiency of caffeine removal vary with different decaffeination methods?
6868_34,What happens to the caffeine recovered from decaffeinated coffee?
6868_35,What percentage of decaf coffee sold in the US is decaffeinated in Germany?
6868_35,How do different decaffeination methods affect the flavor of the coffee?
6868_35,What is the process of water extraction for decaffeinating coffee?
6868_35,Can you explain the supercritical carbon dioxide extraction method for caffeine removal?
6868_35,What are the advantages of using organic solvents like ethyl acetate compared to other solvents for decaffeination?
6868_36,"What is the process of using supercritical carbon dioxide for decaffeination, and how effective is it in removing caffeine?"
6868_36,What are the advantages of using organic solvents like ethyl acetate for coffee decaffeination compared to traditional solvents?
6868_36,How much caffeine typically remains in decaffeinated coffee compared to regular coffee?
6868_36,"What are the common ways to quantify caffeine levels in body fluids, and why is this important?"
6868_36,What plasma caffeine levels are observed in regular coffee drinkers and in neonates receiving treatment?
6868_37,What is the amount of caffeine typically found in decaffeinated coffee compared to regular coffee?
6868_37,How can caffeine levels in the body be monitored according to the article?
6868_37,What are some xanthine analogs mentioned that mimic caffeine's properties?
6868_37,Why is caffeine concentration in urine measured in competitive sports?
6868_37,What are the two primary sources of pure caffeine mentioned in the document?
6868_38,What are some analog substances that mimic caffeine's properties mentioned in the article?
6868_38,How does caffeine interact with polyphenols and tannins according to the content?
6868_38,What are the two primary sources for the world's supply of pure caffeine?
6868_38,What was the global market exchange for anhydrous caffeine in 2022?
6868_38,"Can the difference between natural and synthetic caffeine be identified, and if so, how?"
6868_39,What are the main differences between natural and synthetic caffeine based on their production methods?
6868_39,How much anhydrous caffeine was exchanged in the global market in 2022?
6868_39,What are the primary sources of natural caffeine found in plants?
6868_39,Is there scientific evidence supporting the claim that natural caffeine leads to a gentler caffeine crash?
6868_39,How can one distinguish between natural and synthetic caffeine chemically?
6868_40,What are some common sources of caffeine found in plants?
6868_40,How does caffeine function as a natural pesticide in plants?
6868_40,Why do coffee seedlings have high caffeine levels in their surrounding soil?
6868_40,"In what two locations is caffeine stored in tea leaves, and what are their functions?"
6868_40,How might caffeine in nectar affect the reproductive success of pollen-producing plants?
6868_41,How does caffeine affect seed germination in coffee seedlings?
6868_41,Where is caffeine stored in tea leaves and what purpose does it serve?
6868_41,What role does caffeine in nectar play regarding pollinators?
6868_41,What are the main sources of caffeine intake for different age groups in the United States?
6868_41,How does the caffeine content in coffee vary based on the type of bean and preparation method?
6868_42,What are the main sources of caffeine for middle-aged adults according to the 2020 study?
6868_42,How does the caffeine content in coffee vary based on the type of coffee bean?
6868_42,What is the caffeine range for a single shot of arabica espresso compared to a cup of drip coffee?
6868_42,Why does dark-roast coffee generally have less caffeine than lighter roasts?
6868_42,What factors contribute to the variability of caffeine content in tea?
6868_43,How does the caffeine content of Arabica coffee compare to robusta coffee?
6868_43,Why does dark-roast coffee generally have less caffeine than lighter roasts?
6868_43,What factors influence the caffeine content in tea?
6868_43,How does the caffeine content in soft drinks differ from that in energy drinks?
6868_43,What is maté and how is it prepared?
6868_44,What are the caffeine content ranges for soft drinks and energy drinks?
6868_44,What ingredients contribute to the caffeine content in energy drinks?
6868_44,How is maté prepared and consumed?
6868_44,What is the caffeine concentration in defatted cocoa powder?
6868_44,Can you explain the variance in caffeine content among different cocoa bean strains?
6868_45,What are some beverages that contain caffeine and originate from specific plants mentioned in the article?
6868_45,How does the caffeine content in defatted cocoa powder compare to that in dark chocolate based on the percentage of cocoa solids?
6868_45,Can you explain the advantages of using caffeine tablets over traditional caffeinated beverages?
6868_45,What are some examples of commercially prepared coffee-flavored milk beverages popular in Australia?
6868_45,"What alternatives to coffee are mentioned for caffeine consumption, and what were some challenges highlighted regarding those products?"
6868_46,What is the caffeine content in dark chocolate with 70-85% cocoa solids?
6868_46,What are the benefits of using caffeine tablets compared to traditional caffeinated beverages?
6868_46,Can you explain the role of theobromine and theophylline in chocolate's stimulant effects?
6868_46,What safety concerns led to the withdrawal of Alert Energy Caffeine Gum from the market?
6868_46,How does the combination of caffeine and alcohol affect the perception of intoxication?
6868_47,What evidence exists regarding the use of caffeine mouth washes and cognitive performance?
6868_47,What concerns did the FDA raise about caffeine inhalers in their warning letter?
6868_47,How do caffeinated alcoholic drinks affect a user's awareness of intoxication levels?
6868_47,Can you explain what the ECA stack is and its intended use?
6868_47,What role did chocolate play in pre-Columbian Mesoamerica and how was it consumed?
6868_48,What historical uses of kola nut are mentioned in the article?
6868_48,How was xocolatl consumed by the ancient Mayans and what belief was associated with it?
6868_48,Who were the chemists responsible for the isolation of caffeine in the early 19th century?
6868_48,"What is the significance of cocoa beans in pre-Columbian Mesoamerica, according to the text?"
6868_48,How did the introduction of cacao to Europe impact its beverage popularity by 1700?
6868_49,What was the role of Friedlieb Ferdinand Runge in the isolation of caffeine?
6868_49,Can you explain how Pierre Jean Robiquet contributed to the discovery of caffeine?
6868_49,What name did Jöns Jacob Berzelius use to refer to caffeine in his accounts?
6868_49,In what year was caffeine first isolated according to the article?
6868_49,Why is it significant that Pelletier's article was the first to use the term 'caféine' in print?
6868_50,Who was the first to describe caffeine and in what year did this occur?
6868_50,What name did Runge use for caffeine in his Phytochemical Discoveries?
6868_50,Which two chemists were involved in the extraction of caffeine while searching for quinine in coffee?
6868_50,What significant contribution did Hermann Emil Fischer make to the study of caffeine in 1895?
6868_50,How was 'théine' related to caffeine according to the record?
6868_51,Who were the key figures involved in the early research and isolation of caffeine as mentioned in the article?
6868_51,What significant contributions did M. Oudry and Hermann Emil Fischer make to the understanding of caffeine?
6868_51,What historical events led to the regulation of coffee and caffeine in different societies?
6868_51,What was the outcome of the 1911 health scare involving caffeine and Coca-Cola?
6868_51,How did the Supreme Court ruling in United States v. Forty Barrels and Twenty Kegs of Coca-Cola impact the regulation of caffeine?
6868_52,What significant regulations regarding coffee and caffeine occurred in the 16th century?
6868_52,Which notable figures attempted to ban coffee and in what years did these attempts take place?
6868_52,What was the health scare involving caffeine that occurred in 1911 in the US?
6868_52,"How does the FDA classify the safety of beverages containing caffeine, and what is the threshold for this classification?"
6868_52,Is there a requirement for quantitative labeling of caffeine in foods according to US regulations?
6868_53,What does the US FDA consider safe regarding caffeine content in beverages?
6868_53,Are there any regulations for labeling caffeine in dietary supplements?
6868_53,Do food labels have to show the quantitative amount of caffeine present?
6868_53,How much caffeine is consumed globally each year?
6868_53,Which beverages are the most common sources of caffeine?
6868_54,What are some lesser-known sources of caffeine besides coffee and chocolate?
6868_54,How has global caffeine consumption changed from 1997 to 2015?
6868_54,Which religious groups have specific guidelines regarding caffeine consumption?
6868_54,What stance does the Seventh-day Adventist Church take on caffeinated drinks?
6868_54,Did any Muslim authorities attempt to ban caffeinated beverages in the past?
6868_55,What is the position of the Church of Jesus Christ of Latter-day Saints on caffeine consumption?
6868_55,Why do Gaudiya Vaishnavas abstain from caffeine?
6868_55,What historical attempts were made by Muslim authorities regarding caffeinated beverages?
6868_55,How does caffeine affect different organisms such as birds and dogs?
6868_55,What unique research application has been noted for caffeine in relation to wheat?
22681933_0,What are the main goals of fair-trade organizations in relation to coffee production?
22681933_0,How was coffee pricing regulated before the introduction of fair-trade certification?
22681933_0,What significant event in 1988 led to the establishment of fair-trade certification?
22681933_0,What was the original name of the fair-trade organization and what did it represent?
22681933_0,How do fair-trade partnerships contribute to sustainable development for coffee farmers?
22681933_1,What significant event in 1976 prompted a renegotiation of coffee trade agreements?
22681933_1,What was the main goal of fair-trade certification introduced in 1988?
22681933_1,How did the market behave from 1990 to 1992 when coffee price quotas were not in place?
22681933_1,What were some of the key objectives of the agreements made in 2001 and 2007 regarding the coffee economy?
22681933_1,What was the original name of the organization that launched fair-trade certification and what issue did it address?
22681933_2,What was the purpose of the agreements made in 2001 and 2007 regarding coffee?
22681933_2,What happened to coffee prices between 1990 and 1992 related to quota negotiations?
22681933_2,Can you name the four organizations that jointly created Fairtrade International in 1997?
22681933_2,What does the acronym FINE stand for in the context of fair-trade organizations?
22681933_2,Which organization is recognized as the overall governing body of the fair-trade system?
22681933_3,What year was Fairtrade International created and which organizations were involved in its establishment?
22681933_3,What is the primary role of Fairtrade Labelling Organizations International (FLO) in the fair-trade system?
22681933_3,How does FLO ensure that producers and traders comply with fair-trade standards?
22681933_3,What are the main tasks carried out by FLO as part of its responsibilities?
22681933_3,What is the purpose of the common platform called FINE and which organizations compose it?
22681933_4,What are the main tasks of FLO in relation to fair-trade coffee?
22681933_4,How does FLO support fair-trade producers and traders?
22681933_4,What is the significance of the certification scheme run by Fairtrade International?
22681933_4,Who are the main competitors challenging Fairtrade's ethical label dominance?
22681933_4,What are some examples of organizations that promote sustainable coffee production through different certification schemes?
22681933_5,What organization manages the Fairtrade certification scheme for coffee?
22681933_5,What are some of the main competitors challenging Fairtrade's dominance as an ethical label?
22681933_5,How do coffee packers benefit from using the Fairtrade logo on their products?
22681933_5,What restrictions do coffee retailers face when selling Fairtrade coffee?
22681933_5,What requirements must importers meet to deal with Fairtrade coffee?
22681933_6,What are the criticisms associated with Fairtrade coffee certification?
22681933_6,How do coffee packers benefit from obtaining a Fairtrade logo?
22681933_6,What is the minimum price that Fairtrade importers must pay for Arabica coffee?
22681933_6,"What is the percentage of fair-trade-certified coffee that was sold in 2001, and how did that change by 2003?"
22681933_6,What challenges do exporting cooperatives face regarding their certified coffee output?
22681933_7,What is the minimum price required for Fair-trade coffee exports for Arabica and Robusta?
22681933_7,What percentage of certified coffee was sold in 2001 compared to 2003?
22681933_7,What are some costs that exporting cooperatives incur when participating in Fairtrade?
22681933_7,How does the sales of certified coffee impact the price farmers receive?
22681933_7,What are some examples of social projects funded by surpluses from Fairtrade coffee sales?
22681933_8,What are some of the costs that exporting cooperatives incur when producing fair-trade coffee?
22681933_8,How does the surplus generated from fair-trade coffee sales typically get allocated according to the article?
22681933_8,Which organization is responsible for the inspection and certification of producer organizations in fair-trade coffee?
22681933_8,What challenges do cooperatives face in covering the costs associated with fair-trade membership?
22681933_8,How does the marketing system for Fairtrade coffee compare to non-Fairtrade coffee in consuming countries?
22681933_9,What are some of the main criticisms of fair-trade coffee according to independent research?
22681933_9,How does the marketing system for Fairtrade coffee compare to non-Fairtrade coffee?
22681933_9,What challenges do coffee roasters face when balancing ethical and quality aspects of fair-trade coffee?
22681933_9,In how many countries does Fairtrade International certify producer organizations?
22681933_9,What concerns are raised by consumers and coffee companies regarding fair-trade coffee quality?
22681933_10,What are the main criticisms of fair-trade coffee mentioned in the article?
22681933_10,How does the direct trade model differ from fair trade according to the excerpt?
22681933_10,What are some quality concerns that arise with fair-trade coffee?
22681933_10,Who conducted research on coffee farmers in Costa Rica and what did it reveal about fair-trade coffee sales?
22681933_10,Why do some believe that fair-trade coffee does not adequately fulfill its promise?
22681933_11,What are the concerns scholars have regarding the artificial stimulation of coffee production?
22681933_11,How does the direct trade model benefit coffee farmers compared to fair-trade coffee?
22681933_11,Why is direct trade not accompanied by third-party certification?
22681933_11,In what ways is fair trade described as failing to create opportunities for disadvantaged producers?
22681933_11,What issue is highlighted about poverty in relation to fair trade labeling?
22611450_0,What is meant by single-origin coffee and how does it differ from blended coffees?
22611450_0,How can coffee shops enhance the value of single-origin coffees in their marketing?
22611450_0,What challenges exist in authenticating the origin of coffee?
22611450_0,What techniques are being researched to help identify the origins of coffee?
22611450_0,Can you explain the difference between estate coffees and micro-lot coffees in the context of single-origin?
22611450_1,What are the different types of single-origin coffees mentioned in the article?
22611450_1,Can you explain what estate coffees are and where they are commonly found?
22611450_1,What distinguishes micro-lot coffees from other types of single-origin coffees?
22611450_1,Which countries are known for having many estate coffee farms?
22611450_1,How does Starbucks manage its coffee farming operations in the Philippines?
23451648_0,What does the term 'third-wave coffee' emphasize in the coffee industry?
23451648_0,Who is generally credited with coining the term 'third-wave coffee' and when?
23451648_0,How did the concept of coffee consumption change from the first wave to the second wave?
23451648_0,What notable coffee company started the second wave of coffee and when did it begin sourcing from artisanal producers?
23451648_0,What major factors fueled market competition in the second wave of coffee?
23451648_1,What are the main characteristics that define first wave coffee according to the article?
23451648_1,"How did the second wave of coffee, initiated by Peet's Coffee & Tea, change coffee sourcing and consumption?"
23451648_1,What influence did the second wave of coffee have on the popularization of espresso-based beverages?
23451648_1,What distinguishes third-wave coffee from the previous two waves mentioned in the article?
23451648_1,Which countries are noted for producing high-altitude grown arabica coffee and what is their significance?
23451648_2,What are the key characteristics of the first and second waves of coffee?
23451648_2,Which café is noted as an early example of third-wave coffee in the UK?
23451648_2,Who is recognized as a pioneer of the third-wave coffee movement in the UK?
23451648_2,What has contributed to Melbourne being called the 'capital of coffee'?
23451648_2,In what years did Australians win the World Barista Championship?
23451648_3,What year did the Seattle Coffee Company open its first store in London?
23451648_3,Who is regarded as a pioneer of the third-wave coffee movement in the UK?
23451648_3,How many times have Australians won the World Barista Championship?
23451648_3,What significant event related to coffee happened in London in 2010?
23451648_3,What is the primary focus of the third wave of coffee according to Jonathan Gold?
23451648_4,What are the defining characteristics of the third wave of coffee according to Jonathan Gold?
23451648_4,"Can you explain the distinction between the first, second, and third waves of coffee culture?"
23451648_4,Which three companies are considered the 'Big Three of Third Wave Coffee' in the US?
23451648_4,How does the specialty coffee scoring system work and when was the term first coined?
23451648_4,What notable acquisitions occurred in the third wave coffee scene in 2015?
23451648_5,What are the names of the 'Big Three of Third Wave Coffee' in the US?
23451648_5,How many bars did Intelligentsia Coffee & Tea have in Chicago as of 2015?
23451648_5,Which company acquired Intelligentsia Coffee & Tea and Stumptown Coffee Roasters in 2015?
23451648_5,"As of 2015, how many regional training centers did Counter Culture Coffee have and in which cities were they located?"
23451648_5,What kind of investment did Starbucks make in 2014 to target the third-wave coffee market?
321546_0,What is the primary function of an espresso machine?
321546_0,Can you explain the different types of espresso machines mentioned in the article?
321546_0,What common components do most espresso machines share?
321546_0,How does a superautomatic espresso machine differ from other types?
321546_0,Who is credited with the invention of the early steam-driven coffee machine?
321546_1,What are the main components of an espresso machine as mentioned in the article?
321546_1,Who was the first inventor to patent a steam-driven coffee machine and when?
321546_1,What significant improvements did Luigi Bezzera make to the espresso machine in the early 1900s?
321546_1,How did Desiderio Pavoni contribute to the production of espresso machines after acquiring Bezzera's patent?
321546_1,What factors can influence the taste of espresso according to the excerpt?
321546_2,What significant improvements did Luigi Bezzera make to the espresso machine in 1901?
321546_2,How did Desiderio Pavoni contribute to the production of espresso machines after buying Bezzera's patent?
321546_2,What common elements do different espresso machine designs share that can affect the taste of the espresso?
321546_2,What is the difference between manual piston and spring piston lever-driven espresso machines?
321546_2,Why is the act of producing a shot of espresso referred to as 'pulling a shot'?
321546_3,What is the purpose of a preheated demitasse cup or shot glass for espresso?
321546_3,Who developed the piston-driven espresso machine and in what year?
321546_3,What are the two types of lever machines mentioned in the article?
321546_3,How does a steam-driven espresso machine operate compared to a pump-driven one?
321546_3,What significant design change did the Faema E61 introduce to espresso machines in 1961?
321546_4,"What type of pressure do steam-driven espresso machines typically use, and how does it affect crema quality?"
321546_4,"When were pump-driven espresso machines first introduced, and how do they differ from steam-driven machines?"
321546_4,"Can you explain the difference between single boiler machines and single boiler, dual use machines in espresso preparation?"
321546_4,What are the advantages of pump-driven machines over steam-driven machines for making espresso?
321546_4,How do lower-cost consumer espresso machines typically operate compared to commercial models?
321546_5,What are the two common water supply methods for espresso machines mentioned in the article?
321546_5,Can a single boiler espresso machine brew and steam at the same time?
321546_5,"What is the difference between a single boiler and a single boiler, dual use machine?"
321546_5,What type of pump is typically used in espresso machines and how are they classified?
321546_5,"What issue can arise when using a single boiler, dual use machine after brewing espresso?"
321546_6,What is the purpose of the warm-up period between the espresso pull and milk frothing?
321546_6,What issues can arise from leftover water in the steam wand after brewing?
321546_6,How does a heat exchanger (HX) differ from a single boiler in terms of temperature management?
321546_6,What is the recommended duration for a cooling flush needed before the first espresso pull using an HX machine?
321546_6,What is a key advantage of heat exchanger machines regarding water freshness for extraction?
321546_7,What is the cooling flush duration needed before pulling the first espresso shot on an HX machine?
321546_7,How does the temperature stability of brewing water in HX machines differ from dual boiler systems?
321546_7,What is the main advantage of using heat exchanger technology in espresso machines?
321546_7,Can you explain the difference between dual boiler machines and dual heater machines?
321546_7,What notable model was the first HX machine and when was it introduced?
321546_8,What is the main function of the grouphead in an espresso machine?
321546_8,How does a dual boiler machine differ from a heat exchanger machine?
321546_8,When was the first dual boiler espresso machine introduced?
321546_8,What are the advantages of dual boiler machines over heat exchanger machines?
321546_8,How many groupheads can professional espresso machines typically have?
321546_9,What is the main benefit of true dual boiler (DB) machines compared to single boiler espresso machines?
321546_9,How does the grouphead function in the process of extracting espresso?
321546_9,Why is the portafilter typically made of brass when used with espresso machines?
321546_9,What is the purpose of using a bottomless portafilter for baristas?
321546_9,What is the function of a knockbox in espresso preparation?
321546_10,What role does the portafilter play in the espresso-making process?
321546_10,Why is the portafilter typically made of brass?
321546_10,What is the purpose of a bottomless portafilter?
321546_10,How do knockboxes relate to espresso preparation?
321546_10,What issue does 'channeling' refer to in espresso brewing?
19619306_0,What are some common methods for brewing coffee mentioned in the article?
19619306_0,How does espresso differ from brewed coffee according to the text?
19619306_0,What historical significance does the Gaggia machine have in the context of coffee drinks?
19619306_0,"Can coffee flavor be modified and if so, how?"
19619306_0,What processes are available for decaffeinating coffee beans as mentioned in the excerpt?
19619306_1,What historical significance did coffeehouses have globally in the 1980s?
19619306_1,Can you explain the process of making drip or filtered coffee?
19619306_1,Who invented the paper coffee filter and when?
19619306_1,What is the recommended coffee-to-water ratio for a French press?
19619306_1,What temperature range is ideal for brewing coffee in a French press?
19619306_2,What is another name for a French press and who patented it?
19619306_2,What is the recommended grind size for coffee used in a French press and why?
19619306_2,What are the typical proportions of coffee and water when brewing with a French press?
19619306_2,How long should coffee brew in a French press before pressing the plunger?
19619306_2,How is flash brewing different from cold brewing in terms of coffee characteristics?
19619306_3,What is the flash brewing method and how does it differ from traditional cold brewing?
19619306_3,Can you explain how Turkish coffee is prepared and the significance of foam in this process?
19619306_3,What are the sweetness levels available for Turkish coffee and what do they mean?
19619306_3,How does flash brewing maintain the flavor and acidity of lighter coffee roasts?
19619306_3,What makes Arabic coffee different from other coffee types in terms of ingredients used during preparation?
19619306_4,What is the significance of Turkish coffee in relation to UNESCO?
19619306_4,"How do sweetness levels in Turkish coffee differ, and what are their Turkish terms?"
19619306_4,"What method is used to prepare Arabic coffee, and what spices are typically added?"
19619306_4,Can you explain the preparation method and ratio of ingredients used in Kopi kothok?
19619306_4,"What cultural context surrounds Yazdi coffee, and when is it traditionally served?"
19619306_5,What is the traditional significance of Arabic coffee in cultural practices?
19619306_5,How is Kopi kothok prepared and what are its key ingredients?
19619306_5,What are the historical origins of Yazdi coffee and its cultural importance?
19619306_5,What unique brewing method is used for Café tropeiro and what is its historical context?
19619306_5,Can you explain how a vacuum coffee maker operates and its inventor's contribution?
19619306_6,What are the main ingredients used in brewing Yazdi coffee?
19619306_6,When was Yazdi coffee registered as Iran’s intangible cultural heritage?
19619306_6,What is the historical significance of café tropeiro in Brazilian culture?
19619306_6,What is the unique brewing process of a vacuum coffee maker?
19619306_6,How did the popularity of espresso spread after its invention in Italy?
19619306_7,What is the process of brewing espresso and what temperature is typically used?
19619306_7,Can you explain the difference between a caffè lungo and a caffè americano?
19619306_7,What is the significance of the term 'espresso' and its etymology?
19619306_7,How did espresso gain popularity in the UK and the US?
19619306_7,What are some coffee drinks that are based on espresso?
19619306_8,What is the definition and origin of the term espresso mentioned in the article?
19619306_8,Can you explain the difference between a caffè lungo and a caffè americano?
19619306_8,What makes a doppio distinct from a regular espresso shot?
19619306_8,"How is a cortado prepared, and what does its name signify in Spanish?"
19619306_8,What is the main difference between a flat white and a latte in terms of volume and texture?
19619306_9,What does the strength of an americano depend on?
19619306_9,Can you explain what a cortado is and how it is prepared?
19619306_9,How does a flat white differ from a latte?
19619306_9,What is a flat red and what unique ingredients does it contain?
19619306_9,What is the traditional method of brewing café cubano coffee?
19619306_10,What is the main characteristic of the flat red coffee drink?
19619306_10,Who created the flat red and in what year?
19619306_10,How do Cubans typically prepare their coffee for sweetness?
19619306_10,What is the difference between café cubano and cortadito?
19619306_10,What does caffè crema refer to in the context of coffee drinks?
19619306_11,What is the primary coffee brewing method preferred by most Cubans?
19619306_11,What is the name given to espresso brewed with sugar in the Cuban style?
19619306_11,What is the difference between a cortadito and café con leche?
19619306_11,How is a cafe Zorro prepared?
19619306_11,What defines a ristretto compared to a regular espresso?
19619306_12,What is the definition of a cafe Zorro and how is it prepared?
19619306_12,How does a ristretto differ from a regular espresso in terms of flavor and characteristics?
19619306_12,What is the origin of the Melbourne Magic coffee drink and how is it typically served?
19619306_12,What is a café bombón and how does it differ from similar Asian coffee drinks?
19619306_12,Can you explain the significance of the terms 'crema caffè' and 'café crema' in relation to coffee preparation?
19619306_13,What is a café bombón and how does it differ from Asian coffee versions?
19619306_13,Can you explain the process of how a café bombón is typically prepared?
19619306_13,"What unique coffee drink was created in Blora, Indonesia, and who is credited with its formulation?"
19619306_13,How does the coffee drink known as Melbourne Magic distinguish itself in terms of its ingredients?
19619306_13,What combination of coffee and milk is specifically described that alters the intensity of flavor or caffeine content?
19619306_14,What is the difference between café bombón and café proprio or largo condensada?
19619306_14,Can you explain how kopi santen is made and where it originates from?
19619306_14,What are some common names for coffee mixes that combine slow-brewed coffee with espresso?
19619306_14,What are the components of the old drink Barraquito and where does it come from?
19619306_14,How does caffeine in liqueur coffee relate to alcohol-induced effects?
19619306_15,What is the common name for a coffee drink that combines espresso and a shot of liquor?
19619306_15,What is a Barraquito and what ingredients does it contain?
19619306_15,How does Café Calva differ in preparation methods with Calvados?
19619306_15,What is a caffè corretto and how is it traditionally prepared?
19619306_15,Can you explain the origin of the term 'carajillo' and its typical ingredients?
19619306_16,What ingredients are typically used in a Caffè corretto?
19619306_16,Can you explain how to make a traditional carajillo?
19619306_16,What is the difference between a Ponce and a regular coffee drink?
19619306_16,How is Rüdesheimer Kaffee prepared and what makes it unique?
19619306_16,What components are included in an American version of Spanish Coffee?
19619306_17,What is an American version of a Spanish Coffee and what ingredients does it include?
19619306_17,Can you tell me about Rüdesheimer Kaffee and who invented it?
19619306_17,"What are the key components of a Pharisäer, and where is it popular?"
19619306_17,"What is the origin of a gunfire coffee, and how is it typically prepared in Australia and New Zealand?"
19619306_17,"Do coffeehouses offer flavored syrups, and can you name a few flavor options for non-dairy creamers?"
19619306_18,What is a Pharisäer and what are its main ingredients?
19619306_18,How is gunfire coffee prepared and what does it often replace in Australia?
19619306_18,What ingredients are typically included in a cafe con miel?
19619306_18,What is the traditional method of preparing café de olla?
19619306_18,What distinguishes a café mocha from a caffè latte?
19619306_19,What are the main ingredients in a cafe con miel?
19619306_19,How is café de olla traditionally prepared and served?
19619306_19,What distinguishes an espressino from a marocchino?
19619306_19,What is the typical composition of a café mocha?
19619306_19,What is unique about the café rápido y sucio compared to a regular café mocha?
19619306_20,What is the difference between a moccaccino in Europe and the U.S.?
19619306_20,Can you explain what a café borgia is and how it's typically served?
19619306_20,What distinguishes a Café Rápido y Sucio from a café mocha or an Americano?
19619306_20,How is Melya prepared and what ingredients does it typically include?
19619306_20,What are the main components of Pedrocchi or Paduan Coffee and how should it be served?
19619306_21,"What are the key ingredients in the Paduan Coffee, and how should it be served?"
19619306_21,Can you explain what a Greek frappé is and its popularity?
19619306_21,What are the main components and preparation method for a freddo espresso?
19619306_21,How does a freddo cappuccino differ from a freddo espresso in terms of ingredients and preparation?
19619306_21,"What is a shakerato, and how is it made?"
19619306_22,What is the primary difference between a freddo cappuccino and a freddo espresso?
19619306_22,What ingredients are used to create the afrógala in a freddo cappuccino?
19619306_22,How is a shakerato prepared and what key ingredient does it include?
19619306_22,"What is the unique preparation method for an ice shot, and what additional variant is popular?"
19619306_22,How is instant coffee typically created and rehydrated to make a drink?
19619306_23,What is the minimal Ice Shot coffee drink and how is it prepared?
19619306_23,How does instant coffee differ from conventional coffee?
19619306_23,What are some brands of instant coffee mentioned in the article?
19619306_23,What are the four main methods used to decaffeinate coffee beans?
19619306_23,Why did decaffeinated coffee become popular in the late 20th century?
19619306_24,What are the main ingredients used to make a Greek frappé coffee?
19619306_24,Can you list some brands of instant coffee mentioned in the article?
19619306_24,What are the four main methods used to decaffeinate coffee beans?
19619306_24,Who is credited with developing commercial decaffeination of coffee?
19619306_24,What is the origin of Café Touba and what makes it unique?
19619306_25,Who is credited with the development of commercial decaffeination of coffee?
19619306_25,What are the main ingredients in an avocado coffee or kopi alpukat?
19619306_25,What distinguishes a caffè Medici in terms of ingredients?
19619306_25,What is the significance of Café Touba in Senegal's culture?
19619306_25,Where is canned coffee most popular and how is it typically sold?
19619306_26,What are the typical places to find canned coffee in Japan and East Asia?
19619306_26,How does the availability of canned coffee in the United States compare to that in Japan?
19619306_26,What are the main ingredients in coffee beer from Indonesia?
19619306_26,"How is coffee milk prepared, and what is its significance in the United States?"
19619306_26,What does the term 'double-double' refer to in Canadian coffee culture?
19619306_27,What is coffee milk and how is it prepared according to the article?
19619306_27,What are some brands that offer coffee milk and where is it popular?
19619306_27,What does the term 'Double-double' refer to in Canadian coffee culture?
19619306_27,How does Tim Hortons ensure flavor consistency for their Double-double coffee?
19619306_27,What is the cultural significance of egg coffee in Vietnam as mentioned in the article?
19619306_28,What are the different sizes and amounts available for the sugar and cream dispensing in coffee drinks?
19619306_28,Can you explain what a 'Wayne Gretzky' coffee drink is and its composition?
19619306_28,"What is the main ingredient combination for preparing egg coffee, and where is it from?"
19619306_28,How does the sugar and fat content compare between a medium Regular and a 'Wayne Gretzky' coffee?
19619306_28,Is there any specific preparation method mentioned for creating the traditional Vietnamese egg coffee?
861039_0,What is decaffeination and what does it involve?
861039_0,What is the required caffeine content reduction for decaffeinated products according to the FDA?
861039_0,Who was the first person to isolate caffeine from coffee beans and in what year did this occur?
861039_0,What are some methods used for decaffeinating coffee beans?
861039_0,What was the name of the process patented by Ludwig Roselius for decaffeination in 1906?
861039_1,What was the first commercially successful decaffeination process and who invented it?
861039_1,How does the direct organic solvent method for decaffeination work?
861039_1,"What solvents are currently used in decaffeination methods, and why has the usage of benzene decreased?"
861039_1,What are the caffeine removal standards according to US and EU regulations?
861039_1,What brands emerged from the first decaffeination process developed by Ludwig Roselius?
861039_2,What are the brands associated with decaffeination mentioned in the article?
861039_2,What is the main health concern regarding the solvents used in decaffeination?
861039_2,Can you explain the process involved in the direct organic solvent method of decaffeination?
861039_2,How does the indirect organic solvent method differ from the direct method?
861039_2,What is the significance of the EU standard for caffeine removal in decaffeinated coffee?
861039_3,What are the first steps involved in the indirect method of decaffeination as described in the article?
861039_3,Can you explain how the Swiss Water process differs from traditional decaffeination methods involving solvents?
861039_3,What is the role of green coffee extract in the Swiss Water decaffeination process?
861039_3,In what year was the Swiss Water process first developed and when was it commercialized?
861039_3,How does the equilibrium process work during the indirect method of decaffeination to ensure that only caffeine is removed?
861039_4,What is the Swiss Water process and how does it differ from methods that use organic solvents?
861039_4,Can you explain the role of green coffee extract in the Swiss Water decaffeination method?
861039_4,When was the Swiss Water process first developed and when was it commercialized?
861039_4,How long does the Swiss Water decaffeination process take to achieve the desired caffeine reduction?
861039_4,Who developed an alternative method for caffeine removal apart from the Swiss Water process?
861039_5,What is the role of GCE in the decaffeination process as described in the article?
861039_5,How does the triglyceride method for decaffeination work and what are its benefits?
861039_5,Who developed the supercritical carbon dioxide method for decaffeination and what is its key feature?
861039_5,What is the typical duration of the continuous batch process for decaffeinating coffee according to the article?
861039_5,How does the supercritical CO2 method ensure that the flavor elements of coffee are preserved during decaffeination?
861039_6,What is the method used to remove caffeine from coffee beans while retaining flavor elements?
861039_6,How does the supercritical CO2 method for decaffeination work?
861039_6,What pressure and temperature are used in the supercritical CO2 decaffeination process?
861039_6,What is the required caffeine content reduction for decaffeinated coffee under United States standards?
861039_6,Which two testing methods are mentioned for measuring caffeine levels in decaffeinated coffee beans?
861039_7,What is the required caffeine reduction percentage for decaffeinated coffee according to United States standards?
861039_7,How is caffeine concentration measured in decaffeinated coffee beans?
861039_7,What alternative method to HPLC is being used by some coffee companies to measure caffeine levels?
861039_7,What was the range of caffeine detected in decaffeinated coffee samples from the 2006 study?
861039_7,How does the caffeine content of a regular 8 ounce cup of coffee compare to decaffeinated coffee?
861039_8,What were the findings of the 2006 study at Florida State University regarding caffeine in decaffeinated coffee?
861039_8,Can you explain what Decaffito is and its significance in coffee production?
861039_8,How does the caffeine content in decaffeinated coffee compare to regular coffee?
861039_8,What method is typically used to measure remaining caffeine in decaffeinated coffee?
861039_8,What are the implications of the Coffea charrieriana variety on caffeine-free coffee development?
861039_9,"What is the term coined to describe caffeine-free coffee, and where is it trademarked?"
861039_9,What discovery in 2004 contributed to the development of naturally caffeine-free coffee?
861039_9,How does the Coffea charrieriana variety differ from regular coffee plants in terms of caffeine production?
861039_9,"What processes are typically used to decaffeinate tea, and which one is considered favorable?"
861039_9,What are the optimal conditions for decaffeinating tea using the hot water treatment method?
861039_10,What is the main difference in caffeine content between younger and older tea leaves according to the article?
861039_10,What are some volatile compounds that may decrease during the CO2 decaffeination process?
861039_10,What are the optimal conditions for decaffeinating tea using hot water treatment mentioned in the article?
861039_10,Why is preserving tannin content more critical during the decaffeination of tea compared to coffee?
861039_10,How do tannins benefit health as described in the article?
861039_11,What are tannins and why are they important in coffee and tea?
861039_11,How does the decaffeination process differ between tea and coffee?
861039_11,What is the typical caffeine content in a cup of black tea compared to coffee?
861039_11,How does the steeping time affect the caffeine content in tea?
861039_11,What health benefits are associated with tannins found in coffee and tea?
